title,distance_to_motorway_m,distance_to_aroad_or_motorway_m,distance_to_broad_or_aroad_or_motorway_m,distance_to_public_road_m,distance_to_major_river_m,distance_to_secondary_river_m,distance_to_watercourse_m,distance_to_railway_m,distance_to_woodland_m,distance_to_offroad_cyclepath_m,distance_to_large_greenspace_m,distance_to_medium_greenspace_m,distance_to_small_greenspace_m,area_max_building_height_m,area_avg_building_height_m,area_total_building_area_m2,max_tree_height,canopy_cover,area_max_tree_height,area_avg_tree_height,area_canopy_cover,area_tree_count,area_greenspace_m2,area_private_gardens_m2,area_id,year,days_into_survey,duration,hour_of_day,avg_loudness_decibels,pedestrian_count,lawn_present,lawn_area_m2,lawn_shard_length_cm,lawn_other_species_present,wild_grass_present,wild_grass_area_m2,wild_grass_shard_length_cm,wild_grass_other_species_present,land_use
1033 9,389,389,389,11,4232,1321,318,937,1072,615,1446,451,166,6.4,3.27,9023,10.51,284.94,14.44,5.19,2562,105,0,21499,9,2024,34,480,17,67,5,TRUE,300,10,FALSE,FALSE,0,0,FALSE,Public Park Or Garden
1083 1,153,153,153,0,554,554,93,211,156,51,1532,620,119,7.1,4.52,5098,17.84,107.06,20,9.36,5282,138,2030,15674,1,2024,55,480,09,61.5,1,TRUE,35,15,TRUE,FALSE,0,0,FALSE,Private residential
1083 2,279,279,279,21,445,445,189,186,189,174,1486,482,243,31,4.79,6602,5.54,30.69,23.63,6.88,2711,107,0,18044,2,2024,55,360,09,58.5,0,FALSE,0,0,FALSE,FALSE,0,0,FALSE,Private residential
1083 6,89,89,89,66,513,513,39,305,182,106,1450,556,57,6.8,4.56,1358,0,0,28.77,13.81,14384,222,11283,4765,6,2024,55,540,09,66.5,1,FALSE,0,0,FALSE,TRUE,350,80,TRUE,Public Park Or Garden
1084 2,254,254,254,13,784,784,143,261,200,0,1554,675,143,8,4.04,7948,13,106.12,26.18,7.11,4178,119,0,14967,2,2024,55,540,10,60,2,TRUE,350,5,TRUE,FALSE,0,0,FALSE,Other greenspace
1084 3,624,624,624,11,415,415,129,374,129,352,1783,624,100,8.9,4.38,5605,15.02,127.56,20.4,10.52,9001,167,4454,10603,3,2024,55,480,09,51,2,TRUE,300,10,TRUE,FALSE,0,0,FALSE,Public Park Or Garden
1084 6,561,561,561,17,467,467,10,546,10,324,1509,499,4,8.9,5.45,8216,12.86,231.12,31.61,13.5,8471,154,5881,13344,6,2024,55,540,10,50,1,TRUE,20,25,FALSE,TRUE,100,60,TRUE,Public Park Or Garden
1084 7,339,339,339,30,634,634,174,509,209,224,1353,501,206,10.4,4.48,7376,4.17,15.88,19.95,8.8,6259,149,0,16222,7,2024,55,420,10,58,8,TRUE,10,5,TRUE,FALSE,0,0,FALSE,Public residential
1084 9,652,652,652,24,388,388,14,538,60,288,1596,534,0,8.9,4.4,4603,27.93,359.69,31.61,15.95,15220,247,11195,13156,9,2024,55,360,09,56.5,0,FALSE,0,0,FALSE,FALSE,0,0,FALSE,Local Nature Reserve
1084 12,460,460,460,7,587,587,113,439,113,196,1514,595,97,10.4,5.2,8918,11.47,22.56,16.08,8.06,5163,107,11,8446,12,2024,55,300,10,68.5,5,TRUE,100,10,TRUE,FALSE,0,0,FALSE,Public square
108 1,828,615,615,225,2594,2594,183,1418,312,20,963,963,10,0,0,0,26.49,398.38,30.66,20.95,19375,176,10677,0,1,2024,59,360,17,55,10,FALSE,0,0,FALSE,FALSE,0,0,FALSE,Public Park Or Garden
108 3,1165,376,376,135,2735,2735,28,1641,218,1,1019,908,224,0,0,0,19.35,72.31,26.27,16.73,16321,194,11735,0,3,2024,59,360,17,55.5,1,TRUE,380,5,FALSE,FALSE,0,0,FALSE,Golf Course
108 4,709,699,525,236,2485,2485,113,1299,298,94,1051,1051,85,0,0,0,16.48,365,28.94,14.54,15549,173,9837,0,4,2024,59,360,16,72.5,3,TRUE,200,10,TRUE,FALSE,0,0,FALSE,Public Park Or Garden
108 7,941,591,558,270,2547,2547,52,1430,52,7,1114,940,146,0,0,0,11.07,14.12,24.43,14.29,13601,168,7099,0,7,2024,59,360,17,56.5,10,TRUE,380,5,FALSE,FALSE,0,0,FALSE,Golf Course
108 10,800,743,475,316,2392,2392,126,1276,126,1,1246,907,92,0,0,0,11.29,93.12,24.43,13.35,8054,125,6001,0,10,2024,59,360,17,56,4,TRUE,350,5,FALSE,FALSE,0,0,FALSE,Golf Course
112 2,927,202,110,47,576,576,121,661,1062,650,664,664,664,11.6,4.68,3715,0,0,19.66,10.95,5322,99,0,5620,2,2024,59,360,17,69,10,TRUE,400,10,FALSE,FALSE,0,0,FALSE,Public Park Or Garden
112 3,840,206,197,25,576,576,209,694,990,649,661,661,661,8.6,5.48,4830,7.89,65.06,19.66,10.91,3653,56,0,6588,3,2024,59,360,18,59.5,12,TRUE,350,5,FALSE,FALSE,0,0,FALSE,Public Park Or Garden
112 5,788,94,94,21,684,684,224,608,902,589,769,737,737,8.6,5.14,8581,18.14,87.62,20.24,10.99,4216,67,0,9831,5,2024,59,480,17,61.5,6,TRUE,200,15,TRUE,FALSE,0,0,FALSE,Public Park Or Garden
112 7,820,170,87,5,983,983,102,301,725,283,919,904,640,11,6.03,7479,15.35,39.56,27.74,10.32,4133,71,0,8936,7,2024,59,420,18,66,3,FALSE,380,15,TRUE,FALSE,0,0,FALSE,Public residential
136 4,660,94,94,39,1880,1880,4,161,907,469,501,501,501,8.4,5.08,7263,14.74,310.19,16.46,7.16,5681,143,3390,13953,4,2024,9,660,16,69.5,15,TRUE,100,10,FALSE,FALSE,0,0,FALSE,Public Park Or Garden
136 6,620,93,93,27,1916,1916,84,169,842,523,550,550,490,8.4,4.39,5719,2.88,6.25,19.58,7.56,5042,127,2737,12288,6,2024,9,480,16,72.5,1,TRUE,400,10,FALSE,FALSE,0,0,FALSE,Public Park Or Garden
136 7,678,250,250,33,1662,1662,262,245,832,250,300,300,300,7.2,5.24,4457,9.28,84.06,19.59,11.45,5934,96,2427,5707,7,2024,9,540,16,60.5,3,TRUE,100,15,FALSE,FALSE,0,0,FALSE,Religious Grounds/Cemetery
145 7,854,854,38,10,73,73,20,674,1383,1,101,101,101,18.8,5.98,2836,14.45,275.69,23.64,11.02,13801,184,8725,249,7,2024,59,420,18,56.5,1,FALSE,0,0,FALSE,FALSE,0,0,FALSE,Cycle/footpath
145 9,1080,380,33,27,420,420,18,746,1274,507,547,547,547,28.5,5.9,6832,17.47,251.56,20.13,10.82,3654,65,3692,5465,9,2024,59,360,18,60,1,TRUE,300,20,TRUE,FALSE,0,0,FALSE,Public residential
171 1,1613,273,273,27,2463,2463,15,1512,15,256,1875,326,119,7.2,4.63,4487,13.55,400,19.53,8.18,7912,148,6700,14572,1,2024,59,420,16,57,0,FALSE,0,0,FALSE,FALSE,0,0,FALSE,Public Park Or Garden
202 1,2146,123,123,16,2359,2359,579,810,579,216,1146,868,584,9.4,5.05,6456,6.91,5.88,19.32,8.27,8122,168,1565,16169,1,2024,59,540,14,54.5,2,TRUE,300,25,TRUE,TRUE,20,40,TRUE,Other greenspace
202 2,2056,139,139,15,2446,2446,487,888,487,168,1266,939,510,13.9,4.54,6763,15.48,245.56,18.3,9.13,8590,172,2359,20241,2,2024,59,480,15,48.5,0,FALSE,50,40,TRUE,FALSE,0,0,FALSE,Other greenspace
202 6,1601,210,45,45,2219,2219,487,599,515,251,1185,1185,947,16.9,5.52,6051,21.86,27.56,26.37,9.86,4636,80,0,3370,6,2024,59,480,14,63.5,0,FALSE,0,0,FALSE,FALSE,0,0,FALSE,Brownfield
202 8,2039,56,56,50,2356,2356,575,798,575,134,1217,974,601,9.4,4.28,7041,13.64,220.62,17.54,7.92,7672,177,2110,16620,8,2024,59,480,14,59,0,TRUE,100,5,FALSE,FALSE,0,0,FALSE,Private residential
203 2,1705,87,87,62,2448,2448,89,1334,89,0,1548,608,76,6.2,3.98,1265,18.63,337.06,30.6,11.67,13165,220,13174,3124,2,2024,59,360,15,62,3,TRUE,20,30,TRUE,FALSE,0,0,FALSE,Golf Course
203 4,1681,144,144,40,2427,2427,33,1396,33,56,1642,515,10,6.4,4,2471,15.12,400,26.91,10,15442,253,18284,6881,4,2024,59,420,15,56.5,1,FALSE,0,0,FALSE,TRUE,40,50,TRUE,Cycle/footpath
203 5,1788,14,14,14,2532,2532,152,1265,152,0,1517,644,129,6.4,4.45,2954,16.26,368.56,30.6,11.57,12944,214,11591,6991,5,2024,59,360,15,69.5,1,FALSE,0,0,FALSE,FALSE,0,0,FALSE,Cycle/footpath
203 6,1669,196,196,55,2418,2418,0,1449,55,150,1729,432,15,6.6,4.47,3145,16.46,400,24.48,9.9,17852,266,23673,9156,6,2024,59,480,16,52.5,2,FALSE,0,0,FALSE,FALSE,0,0,FALSE,Public Park Or Garden
203 8,1869,50,50,19,2610,2610,254,1162,254,34,1413,751,234,6.4,4.57,4499,17.36,395.44,23.94,10.7,10774,184,8541,11558,8,2024,59,360,15,60.5,0,FALSE,0,0,FALSE,FALSE,0,0,FALSE,Cycle/footpath
203 9,1810,61,61,11,2707,2707,324,1127,324,38,1633,712,401,8.2,4.06,6227,20.05,248.56,20.05,8.37,6794,128,0,21637,9,2024,59,420,15,59.5,3,TRUE,50,5,FALSE,TRUE,50,30,TRUE,Private residential
203 11,1607,278,278,48,2433,2433,12,1521,35,262,1878,320,75,7.2,4.92,3547,19.53,347.38,23.55,9.69,10109,165,9476,10784,11,2024,59,360,16,54.5,0,FALSE,0,0,FALSE,FALSE,0,0,FALSE,Public Park Or Garden
231 1,822,218,218,5,886,886,0,649,55,26,802,233,4,8.9,5.78,3192,12.12,145.12,16.01,8.53,10380,360,15026,7873,1,2024,9,1020,13,63.5,2,FALSE,0,0,FALSE,TRUE,400,80,TRUE,Reclaimed greenspace
231 2,814,49,49,32,1019,1019,132,532,132,102,675,295,65,8.8,4.76,4636,15.06,237.88,17.89,10.25,14854,330,13028,2196,2,2024,9,420,14,62.5,6,FALSE,0,0,FALSE,FALSE,0,0,FALSE,Medical Centre
231 3,710,90,90,29,947,947,127,616,127,97,604,377,117,9.6,5.73,3375,0,0,18.47,10.45,12408,233,5345,4904,3,2024,9,660,14,62.5,5,TRUE,16,5,FALSE,FALSE,0,0,FALSE,Other greenspace
231 7,787,155,155,11,921,921,25,625,25,0,717,279,9,9.6,6.81,1757,13.88,400,16.01,9.55,15253,371,16403,2273,7,2024,9,420,14,72,6,FALSE,0,0,FALSE,FALSE,0,0,FALSE,Reclaimed greenspace
231 8,886,140,140,73,971,971,64,564,101,27,804,179,0,6.6,4.65,966,14.04,400,16.62,9.71,21806,573,28123,843,8,2024,9,600,14,60,2,FALSE,0,0,FALSE,FALSE,0,0,FALSE,Reclaimed greenspace
231 12,944,231,231,15,942,942,3,591,195,15,936,121,17,7.1,4.89,2809,7.25,75.5,21.65,8.77,13274,411,19639,7520,12,2024,9,720,14,57.5,4,FALSE,0,0,FALSE,TRUE,300,100,TRUE,Reclaimed greenspace
233 11,1515,123,123,6,1521,1521,510,25,740,182,582,236,236,6.7,4.34,5649,9.27,94,14.93,6.36,5370,136,7424,5346,11,2024,9,600,16,57,0,TRUE,100,5,FALSE,FALSE,0,0,FALSE,Public residential
237 5,1081,298,298,41,1745,1745,0,1210,827,643,1692,570,557,7.1,3.9,3690,2.78,0,14,6.66,1428,50,0,9435,5,2024,47,420,18,53.5,2,TRUE,300,20,TRUE,FALSE,0,0,FALSE,Playing Field
237 9,723,476,417,12,1432,1432,31,858,809,673,2040,939,579,7.4,3.82,6520,17.98,291.06,25.02,9.8,7913,153,1771,17749,9,2024,47,300,18,50,1,TRUE,350,5,FALSE,FALSE,0,0,FALSE,Public residential
239 1,227,67,67,67,332,332,213,54,1805,217,2027,1566,81,21.9,11.2,6566,0,0,14.99,7.15,2577,76,1538,147,1,2024,2,300,15,63.5,3,FALSE,0,0,FALSE,FALSE,0,0,FALSE,Private residential
239 3,297,27,27,27,315,315,22,94,1778,8,1827,1703,143,8.2,4.22,9960,2.84,24.81,13.3,6.1,1520,61,0,1388,3,2024,2,360,15,72.5,1,FALSE,0,0,FALSE,FALSE,0,0,FALSE,Private commercial
239 5,288,106,106,71,308,308,102,93,1794,88,1898,1664,73,21.9,9.42,15090,0,0,14.99,5.58,896,40,629,0,5,2024,2,300,15,61,25,FALSE,0,0,FALSE,FALSE,0,0,FALSE,Private commercial
239 6,11,10,10,10,716,716,58,110,1383,11,2059,1335,111,8.3,5.46,1831,16.4,399.25,22.93,11.58,13031,164,8895,4221,6,2024,2,300,16,80,0,FALSE,0,0,FALSE,FALSE,0,0,FALSE,Roadside
239 8,162,5,5,5,478,478,87,61,1613,80,1833,1528,184,40,6.67,4352,15,234,27.39,10.56,6444,118,1767,6742,8,2024,2,420,15,70.5,5,TRUE,300,15,TRUE,FALSE,0,0,FALSE,Roadside
239 11,23,15,15,15,636,636,109,34,1462,0,2008,1407,48,9.1,5.56,789,13.92,400,22.93,11.23,12988,176,9053,1507,11,2024,2,240,16,79,0,FALSE,0,0,FALSE,FALSE,0,0,FALSE,Roadside
239 12,159,80,80,6,512,512,163,85,1585,129,1782,1484,236,42.5,8.53,5296,27.28,256.38,27.39,12.01,7138,114,8188,6285,12,2024,2,600,16,66,2,TRUE,380,15,TRUE,FALSE,0,0,FALSE,Roadside
242 2,1165,291,259,99,1011,1011,256,283,333,273,1229,1229,1229,10.5,6.54,17397,0,0,5.46,4.02,207,7,0,0,2,2024,59,360,19,64,2,FALSE,0,0,FALSE,FALSE,0,0,FALSE,Private commercial
248 2,324,324,322,241,699,699,75,992,193,290,3091,76,69,3.8,3.17,304,17.53,87.81,21.91,8.19,5763,96,2822,0,2,2024,48,420,14,62.5,1,FALSE,0,0,FALSE,TRUE,200,120,TRUE,Other greenspace
248 3,528,528,117,41,982,982,163,874,163,499,3265,163,0,11.7,5.09,2383,21.27,400,23.87,11.93,21245,251,15556,10578,3,2024,48,360,14,59,0,FALSE,0,0,FALSE,FALSE,0,0,FALSE,Other greenspace
248 5,177,164,164,140,552,552,45,972,178,119,2897,128,41,0,0,0,4.230000000000002,26.19,19.74,8.38,12978,192,7112,0,5,2024,48,480,15,67,0,FALSE,0,0,FALSE,TRUE,200,120,TRUE,Other greenspace
248 6,325,310,191,71,727,727,21,800,21,192,2843,8,0,5.7,4.09,1540,16.37,287.62,17.88,11.26,16646,245,20284,3217,6,2024,48,420,15,67,0,TRUE,200,10,FALSE,TRUE,40,60,TRUE,Public Park Or Garden
248 7,426,426,217,133,894,894,174,966,198,399,3279,175,0,0,0,0,8.26,133,23.87,12.51,14970,176,11967,0,7,2024,48,300,14,61,0,FALSE,0,0,FALSE,FALSE,0,0,FALSE,Other greenspace
248 8,312,312,312,253,774,774,172,1058,264,285,3174,172,106,0,0,0,19.19,366.44,22.76,9.63,3793,66,0,0,8,2024,48,420,14,74,0,FALSE,0,0,FALSE,TRUE,40,80,TRUE,Other greenspace
248 9,340,340,272,180,699,699,6,924,137,288,3014,8,2,3.8,3.3,50,13.73,107.06,19.21,9.77,17369,229,15782,0,9,2024,48,360,14,61,0,FALSE,0,0,FALSE,TRUE,200,200,FALSE,Other greenspace
295 1,1127,857,857,61,790,790,100,262,251,17,591,461,0,6.6,3.81,729,11.35,388.75,20.18,9.39,18687,274,29947,3023,1,2024,9,540,15,57.5,0,FALSE,0,0,FALSE,FALSE,8,30,TRUE,Reclaimed greenspace
295 4,898,898,898,41,581,581,157,118,157,132,626,309,52,14.7,5.02,3184,15.15,349.69,22.02,12.77,18299,241,13617,13786,4,2024,9,480,15,59.5,1,FALSE,0,0,FALSE,TRUE,50,100,TRUE,Public residential
295 6,1187,899,899,57,742,742,105,216,245,0,557,387,0,2.6,2.2,20,13.19,252.31,18.3,9.53,21986,346,28917,313,6,2024,9,540,15,55,0,FALSE,0,0,FALSE,TRUE,20,60,FALSE,Reclaimed greenspace
298 1,2483,16,16,16,1220,1220,109,174,112,498,275,9,9,6.7,4,3588,15.11,68.94,22.52,10.87,6557,95,3178,6694,1,2024,47,420,15,64,7,TRUE,10,5,FALSE,TRUE,20,20,TRUE,Playing Field
298 3,2391,10,10,10,1323,1323,144,208,181,357,456,133,133,13.8,4.1,3591,16.58,127.62,16.58,5.84,1768,55,0,6921,3,2024,47,480,15,67,1,TRUE,380,5,TRUE,FALSE,0,0,FALSE,Playing Field
298 4,2510,85,85,85,1176,1176,46,112,89,516,293,41,41,6.7,4.52,540,0,0,24.21,12.88,10693,115,11892,79,4,2024,47,360,15,65,0,TRUE,400,5,TRUE,FALSE,0,0,FALSE,Playing Field
298 6,2464,14,14,14,1268,1268,124,188,179,421,371,108,108,5.6,3.86,2516,0,0,16.58,6.41,1659,44,0,6681,6,2024,47,360,15,67.5,0,TRUE,160,5,TRUE,FALSE,0,0,FALSE,Playing Field
298 11,2137,31,31,3,1290,1290,188,165,188,578,179,179,141,9.8,4.14,8401,11.47,103.06,21.1,6.9,3540,119,343,15268,11,2024,47,420,15,61,4,TRUE,5,5,TRUE,FALSE,0,0,FALSE,Private residential
299 1,1993,17,17,17,1818,1818,263,754,341,0,821,42,42,6.7,4.01,2593,30.31,364.75,30.31,10.92,15179,267,11824,8588,1,2024,47,540,16,63.5,1,FALSE,0,0,FALSE,FALSE,0,0,FALSE,Public Park Or Garden
299 2,1789,165,165,70,1830,1830,371,853,546,136,944,52,0,6.3,4.57,1366,23.14,213.12,26.27,14.46,25340,295,26525,1180,2,2024,47,420,17,60,5,FALSE,0,0,FALSE,TRUE,300,15,TRUE,Public Park Or Garden
299 3,1757,214,214,17,1765,1765,465,821,628,192,880,132,0,15.1,5.02,3631,26.27,16.19,26.27,14.98,20362,225,13206,6865,3,2024,47,480,17,59,1,TRUE,300,5,TRUE,FALSE,0,0,FALSE,Public Park Or Garden
299 4,1922,36,36,36,1773,1773,343,755,449,10,885,0,0,5.4,3.9,258,13.15,391.5,26.98,12.95,24274,335,23458,359,4,2024,47,360,16,65,1,FALSE,0,0,FALSE,FALSE,0,0,FALSE,Public Park Or Garden
299 5,1923,49,49,24,1679,1679,444,684,529,27,796,20,20,7.4,3.82,2865,24.54,271.31,27.61,14.1,17631,246,14796,2403,5,2024,47,360,16,65,1,FALSE,0,0,FALSE,FALSE,0,0,FALSE,Public Park Or Garden
299 7,2046,35,35,35,1724,1724,349,663,382,29,761,71,71,9.2,4.24,2554,0,0,30.31,11.49,9978,183,8190,5903,7,2024,47,360,16,69.5,20,TRUE,380,5,TRUE,FALSE,0,0,FALSE,Public Park Or Garden
299 8,1847,125,125,28,1687,1687,481,724,596,105,801,89,34,7.4,4.49,4324,23.17,400,26.98,14.08,17306,210,12414,4687,8,2024,47,540,16,56,3,FALSE,0,0,FALSE,FALSE,0,0,FALSE,Public Park Or Garden
300 1,1507,438,245,70,1739,1739,576,914,856,466,893,440,266,7.6,5.43,2549,25.09,321.56,26.59,16.66,19249,187,11588,1032,1,2024,47,300,17,53.5,4,FALSE,0,0,FALSE,FALSE,0,0,FALSE,Public Park Or Garden
300 3,1348,454,28,28,1652,1652,807,945,993,719,799,723,529,8.7,5.8,7520,19.94,168.94,24,9.57,11383,191,5002,15344,3,2024,47,360,18,62.5,2,TRUE,200,5,TRUE,FALSE,0,0,FALSE,Public Park Or Garden
300 4,1459,445,161,39,1679,1679,677,902,883,552,864,549,373,9.9,5.92,2872,23.52,400,25.09,14.09,18843,221,12097,4991,4,2024,47,360,17,58,15,TRUE,80,10,FALSE,FALSE,0,0,FALSE,Public Park Or Garden
300 5,1512,408,320,104,1804,1804,496,956,877,445,947,387,230,9.5,4.87,2239,24.72,233.56,26.59,15.35,17559,188,11913,3761,5,2024,47,540,17,58,7,TRUE,300,5,FALSE,FALSE,0,0,FALSE,Public Park Or Garden
300 6,1377,466,262,60,1805,1805,575,1018,978,595,985,552,389,7.5,5.08,1661,15.33,29.06,27.49,15.9,20410,208,15713,4559,6,2024,47,360,18,52.5,10,TRUE,380,20,TRUE,FALSE,0,0,FALSE,Public Park Or Garden
300 7,1329,474,103,42,1720,1720,729,994,1009,695,879,687,511,8.7,5.18,3759,22.23,224.31,27.49,11.62,16287,226,10272,13476,7,2024,47,360,18,57.5,5,TRUE,350,10,TRUE,FALSE,0,0,FALSE,Public Park Or Garden
300 8,1645,326,326,3,1817,1817,461,906,717,302,937,222,78,17,5.18,5900,22.59,355.69,26.27,12.05,16470,221,4016,14537,8,2024,47,480,17,58,4,TRUE,100,10,FALSE,FALSE,0,0,FALSE,Private residential
311 1,1201,105,105,105,1362,1362,358,553,1097,619,3393,1097,779,7.8,4.56,2613,21.25,112.94,25.16,12.02,12398,170,1476,6734,1,2024,48,300,13,54.5,14,TRUE,380,10,TRUE,FALSE,0,0,FALSE,Public Park Or Garden
311 5,1107,209,209,77,1223,1223,458,525,1010,461,3556,1167,774,9.8,6.8,1202,18.69,274,25.16,13.16,14786,201,0,502,5,2024,48,360,13,55.5,2,FALSE,0,0,FALSE,FALSE,0,0,FALSE,Public Park Or Garden
311 6,1101,92,92,92,1262,1262,456,632,1006,572,3460,1057,711,9.3,5.93,1564,20.8,396.5,25.16,12.69,15361,177,4642,3949,6,2024,48,300,13,55.5,5,TRUE,350,10,TRUE,FALSE,0,0,FALSE,Public Park Or Garden
311 7,1025,140,140,16,1160,1160,449,501,928,441,3594,1125,701,8,6.11,5370,17.56,93.69,25.16,12.98,12908,175,533,3928,7,2024,48,300,13,53,4,TRUE,340,10,TRUE,FALSE,0,0,FALSE,Public Park Or Garden
311 8,1010,57,57,15,1176,1176,548,607,915,547,3507,1010,625,9.3,5.7,6000,17.78,397.38,25.16,12.39,11468,143,4438,7765,8,2024,48,240,13,62,3,TRUE,100,20,TRUE,TRUE,250,40,FALSE,Public Park Or Garden
311 9,1181,190,190,108,1309,1309,378,595,1085,526,3481,1167,819,5.1,2.79,829,15.94,235.38,25.16,13.32,14210,178,40,1031,9,2024,48,420,13,58.5,1,TRUE,300,15,FALSE,FALSE,0,0,FALSE,Public Park Or Garden
335 1,140,140,53,1,846,846,509,172,2249,1176,1397,933,280,12.6,5.58,10063,5.28,27.44,15.57,6.79,1469,43,0,13271,1,2024,2,600,14,56,10,TRUE,40,20,TRUE,FALSE,0,0,FALSE,Medical Centre
335 7,326,326,50,0,1005,1005,659,359,2059,1182,1247,1118,399,9.3,5.38,9885,0,0,18.46,6.95,1634,47,0,17288,7,2024,2,360,14,60,4,FALSE,0,0,FALSE,FALSE,0,0,FALSE,Public residential
335 9,330,330,130,0,982,982,627,364,2042,1194,1283,1156,371,7.5,5.29,9549,8.48,11.38,17.61,8.68,1785,41,0,19728,9,2024,2,240,14,52.5,10,TRUE,100,10,FALSE,FALSE,0,0,FALSE,Private residential
335 10,25,25,25,22,706,706,342,8,2416,1178,1533,705,324,12.5,6.65,6528,0,0,14.58,8.48,2260,54,637,5848,10,2024,2,360,14,73.5,0,TRUE,20,5,TRUE,FALSE,0,0,FALSE,Private residential
336 1,372,244,244,102,552,552,423,245,2323,1145,1742,276,276,6.4,4.26,2266,0,0,20.94,11.77,6826,94,0,0,1,2024,2,720,13,58.5,2,TRUE,300,10,TRUE,TRUE,30,35,TRUE,Religious Grounds/Cemetery
336 2,486,359,359,10,363,363,246,342,2109,1183,1904,237,237,13.6,4.66,4369,0,0,21.68,11.6,4302,98,0,0,2,2024,2,480,12,68,1,TRUE,1,5,TRUE,FALSE,0,0,FALSE,Private commercial
336 6,182,55,55,14,715,715,445,55,2461,1234,1562,446,446,6.7,4.6,8465,14.56,275.88,18.41,9.6,6557,104,2559,4348,6,2024,2,840,13,62,0,TRUE,400,10,TRUE,TRUE,4,40,TRUE,Public residential
336 8,44,44,44,15,784,784,427,27,2506,1369,1466,620,533,9.7,5.68,4994,0,0,24.27,9.41,5340,78,312,3721,8,2024,2,360,14,70.5,2,TRUE,8,10,TRUE,FALSE,0,0,FALSE,Public Park Or Garden
336 9,475,348,348,56,438,438,385,348,2213,1091,1853,180,180,13.6,6.23,2437,15.71,137.19,21.8,12.4,5264,91,0,0,9,2024,2,720,13,65.5,0,TRUE,300,10,TRUE,TRUE,30,30,TRUE,Religious Grounds/Cemetery
336 10,464,335,335,152,498,498,481,336,2287,1041,1823,190,190,0,0,0,11.75,116,22,13.08,6390,88,243,0,10,2024,2,540,13,74,0,TRUE,300,10,TRUE,TRUE,30,30,TRUE,Religious Grounds/Cemetery
342 1,1773,343,343,27,1696,1696,5,284,1524,0,3513,1761,292,10.4,4.9,6094,6.83,11.25,16.31,6.98,3564,106,0,10123,1,2024,48,420,12,64,2,FALSE,0,0,FALSE,FALSE,0,0,FALSE,Cycle/footpath
342 5,1876,507,507,29,1803,1803,59,109,1688,51,3347,1754,166,10.4,5.76,7603,4.73,56.94,19.07,8.69,5785,109,0,6946,5,2024,48,360,12,58,1,FALSE,0,0,FALSE,FALSE,0,0,FALSE,Public residential
342 6,1767,245,245,27,1648,1648,5,364,1426,0,3611,1817,349,9.5,4.36,7527,15.11,322.38,15.11,7.07,3080,102,0,9023,6,2024,48,480,12,55,7,TRUE,20,5,TRUE,FALSE,0,0,FALSE,Cycle/footpath
342 8,1799,468,468,12,1771,1771,105,180,1650,92,3388,1705,241,10.4,5.56,8170,0,0,19.07,7.55,2539,77,0,11243,8,2024,48,300,12,60.5,0,FALSE,0,0,FALSE,FALSE,0,0,FALSE,Public residential
343 6,1371,14,14,0,1165,1165,49,141,1207,39,3929,1695,341,8.7,4.8,7428,18.69,231,30.66,11.18,7021,111,3770,6980,6,2024,48,360,13,64.5,0,TRUE,200,10,TRUE,FALSE,0,0,FALSE,Public residential
363 2,2245,603,603,164,559,559,314,37,707,268,51,51,0,9.1,6.6,4404,12.89,398.81,18.71,11.16,23541,285,26172,0,2,2024,47,480,14,58,0,FALSE,0,0,FALSE,FALSE,0,0,FALSE,Cycle/footpath
363 4,2271,458,458,81,785,785,421,12,436,28,38,38,34,11.7,5.51,6205,11.76,109.06,15.38,7.72,9754,147,20249,1678,4,2024,47,600,14,50.5,3,FALSE,0,0,FALSE,FALSE,0,0,FALSE,Brownfield
363 6,2342,469,469,73,809,809,355,60,373,5,96,79,0,11.7,6.07,9469,12.73,279,13.56,7.2,6585,113,16557,0,6,2024,47,540,14,60,3,FALSE,0,0,FALSE,TRUE,100,60,TRUE,Cycle/footpath
363 8,2273,538,538,113,683,683,387,32,546,129,59,59,59,11.7,6.84,11121,13.84,354.12,15.79,7.09,6858,131,16716,0,8,2024,47,420,14,54.5,1,FALSE,0,0,FALSE,FALSE,0,0,FALSE,Cycle/footpath
369 1,555,402,402,143,479,479,434,405,2291,909,1898,85,85,0,0,0,11.55,16.38,22,11.51,10662,142,8942,0,1,2023,54,300,17,51.5,1,TRUE,150,5,TRUE,FALSE,0,0,FALSE,Religious Grounds/Cemetery
369 3,761,58,58,34,462,462,294,32,2545,556,2116,352,352,11.7,3.86,3965,0,0,16.88,5.52,1977,77,0,0,3,2023,54,360,16,60,0,FALSE,0,0,FALSE,TRUE,100,45,TRUE,Brownfield
369 7,500,298,298,84,578,578,525,301,2400,907,1837,31,31,6.8,4.78,3712,18.08,236.88,22,10.3,12945,193,14227,0,7,2023,54,360,17,49.5,0,TRUE,180,5,TRUE,FALSE,0,0,FALSE,Religious Grounds/Cemetery
369 8,903,438,438,41,197,197,157,374,2129,579,2240,86,86,42.4,13.06,11899,10.86,71.81,15.92,8.13,3850,100,504,0,8,2023,54,420,16,54,1,TRUE,40,5,FALSE,FALSE,0,0,FALSE,Private commercial
369 10,630,385,385,115,430,430,377,386,2258,831,1971,46,46,0,0,0,5.76,13.94,21.55,12.5,11043,149,7629,0,10,2023,54,300,17,47,0,TRUE,250,5,TRUE,FALSE,0,0,FALSE,Religious Grounds/Cemetery
369 12,883,283,283,6,271,271,271,248,2286,490,2219,198,198,34.7,7.32,11616,0,0,14.69,7.2,1152,39,0,692,12,2023,54,360,16,52,7,FALSE,0,0,FALSE,FALSE,0,0,FALSE,Private commercial
377 1,1072,443,443,150,384,384,299,729,789,365,4731,1023,308,0,0,0,0,0,16.28,8.68,1219,22,0,0,1,2024,89,420,13,57.5,2,TRUE,400,10,TRUE,FALSE,0,0,FALSE,Playing Field
377 2,858,624,624,52,284,284,206,798,702,239,4654,810,248,0,0,0,15.36,20.25,20.04,9.75,16200,225,431,0,2,2024,89,600,14,56.5,1,TRUE,350,15,TRUE,TRUE,20,30,TRUE,Playing Field
377 3,1169,295,295,197,489,489,105,609,862,313,4725,1221,308,0,0,0,0,0,16.75,7.3,558,18,0,0,3,2024,89,600,13,59.5,0,TRUE,300,10,FALSE,TRUE,40,40,FALSE,Reclaimed greenspace
377 4,937,416,416,203,303,303,279,438,644,284,4515,1072,495,0,0,0,0,0,14.69,7.95,1607,19,0,0,4,2024,89,480,13,56.5,2,TRUE,300,10,TRUE,TRUE,25,30,FALSE,Playing Field
377 5,934,581,581,18,254,254,254,686,667,236,4618,960,334,0,0,0,12.98,173.75,20.04,14.18,7640,115,54,0,5,2024,89,540,13,69,6,TRUE,380,15,TRUE,TRUE,20,30,TRUE,Playing Field
377 6,983,311,311,97,403,403,262,386,722,378,4540,1155,429,7.5,4.2,774,0,0,17.65,9.04,5464,58,1897,4079,6,2024,89,540,13,63,1,TRUE,300,10,TRUE,TRUE,40,60,TRUE,Playing Field
377 7,958,471,471,183,277,277,277,530,649,256,4559,1063,496,0,0,0,0,0,14.69,7.06,1062,16,0,0,7,2024,89,420,13,59.5,1,TRUE,400,10,TRUE,FALSE,0,0,FALSE,Playing Field
389 2,886,491,491,37,1131,1131,155,711,441,136,386,386,0,6.6,5.01,5450,19.78,131.5,24.26,11.87,15717,239,12801,9576,2,2024,90,360,18,54,6,TRUE,300,5,TRUE,FALSE,0,0,FALSE,Public Park Or Garden
389 5,917,621,621,11,1007,1007,153,836,464,138,272,272,26,6.6,4.9,873,17.09,374.69,24.26,11.18,20041,276,17662,614,5,2024,90,360,18,51.5,3,FALSE,0,0,FALSE,FALSE,0,0,FALSE,Public Park Or Garden
389 9,1057,622,622,119,979,979,9,865,497,0,226,226,0,5,3.09,176,22.33,400,31.81,16.38,31314,370,28962,2856,9,2024,90,360,18,44.5,2,FALSE,0,0,FALSE,FALSE,0,0,FALSE,Public Park Or Garden
389 10,1029,533,533,45,1067,1067,16,778,411,0,311,311,0,7.2,5.4,1459,27.26,400,31.81,16.7,29713,349,27592,4881,10,2024,90,300,18,48,3,FALSE,0,0,FALSE,FALSE,0,0,FALSE,Public Park Or Garden
389 12,1039,393,393,56,1200,1200,42,659,260,78,413,413,93,7.2,5.55,910,26.37,384.81,31.36,18.1,29510,304,22382,2648,12,2024,90,360,18,44.5,2,FALSE,0,0,FALSE,FALSE,0,0,FALSE,Religious Grounds/Cemetery
393 1,2835,311,311,134,99,99,99,397,713,134,687,249,75,9.8,5.35,254,18.32,72.75,25.92,15.7,12255,129,247,0,1,2024,16,420,18,63,0,TRUE,350,15,TRUE,FALSE,0,0,FALSE,Religious Grounds/Cemetery
393 2,2605,151,151,146,139,139,139,438,484,187,572,353,108,2.7,1.85,444,21.96,106.69,25.97,15.1,12702,159,0,0,2,2024,16,420,18,61,2,TRUE,400,5,TRUE,FALSE,0,0,FALSE,Religious Grounds/Cemetery
393 3,2561,33,33,13,284,284,173,296,552,201,436,436,81,5,3.23,558,13.57,15.88,24.47,12.82,11992,159,2395,121,3,2024,16,540,18,59,0,TRUE,20,10,FALSE,TRUE,360,50,TRUE,Religious Grounds/Cemetery
393 5,2567,156,156,82,25,25,25,570,374,139,663,250,0,5.6,2.1,912,21.47,261,25.97,14.45,10495,133,363,1929,5,2024,16,540,19,55.5,2,TRUE,20,15,TRUE,TRUE,300,60,TRUE,Religious Grounds/Cemetery
393 7,2685,155,155,31,214,214,173,331,619,253,542,402,185,9.8,3.79,1319,13.69,115.94,23.86,15.03,12266,161,564,603,7,2024,16,420,18,54.5,1,TRUE,350,5,TRUE,FALSE,0,0,FALSE,Religious Grounds/Cemetery
393 8,2459,24,24,24,169,169,169,444,369,40,509,297,34,7.7,2.66,1347,19.75,226.06,27.01,16.41,14923,167,5600,67,8,2024,16,360,19,64,3,TRUE,300,10,TRUE,FALSE,0,0,FALSE,Religious Grounds/Cemetery
393 11,2674,252,252,108,21,21,21,543,487,77,692,239,0,0,0,232,21.86,117.81,25.97,15.07,12169,154,3343,381,11,2024,16,540,19,55,2,TRUE,20,15,TRUE,TRUE,300,50,TRUE,Religious Grounds/Cemetery
403 3,1651,16,16,16,214,214,98,154,2016,0,3176,1012,410,34.8,7.66,3775,10.95,172.56,12.5,7.46,5129,144,3350,0,3,2023,54,480,15,52.5,1,TRUE,80,10,TRUE,FALSE,0,0,FALSE,Roadside
403 4,1681,9,9,9,336,336,115,232,2128,185,3110,1181,443,8.8,5.47,13641,12.62,290.88,12.82,8.53,6603,149,3371,0,4,2023,54,360,15,58,0,TRUE,80,5,TRUE,FALSE,0,0,FALSE,Roadside
403 6,1474,244,244,9,127,127,127,43,2380,49,2861,947,696,17.7,5.68,4152,11.04,85.56,15.95,8.44,5130,100,0,0,6,2023,54,600,15,54.5,5,FALSE,0,0,FALSE,TRUE,20,30,TRUE,Brownfield
403 7,1643,20,20,20,241,241,114,170,2074,104,3132,1101,421,8.8,5.35,8205,9.79,202.12,12.5,8.6,6175,137,4647,0,7,2023,54,360,15,64.5,2,TRUE,80,5,TRUE,FALSE,0,0,FALSE,Roadside
403 12,1668,49,49,8,323,323,174,215,2211,200,3053,1086,522,7.9,6.07,7848,8.52,34.19,16.03,7.21,6841,200,5207,0,12,2023,54,360,15,54.5,0,FALSE,0,0,FALSE,FALSE,0,0,FALSE,Brownfield
410 1,521,521,521,464,200,200,147,711,481,133,4566,470,366,0,0,0,26.51,400,38.25,17.83,25572,309,0,0,1,2024,89,480,15,66.5,3,FALSE,0,0,FALSE,TRUE,400,80,TRUE,Local Nature Reserve
410 2,638,638,638,337,328,328,28,821,582,8,4620,547,322,0,0,0,18.67,400,38.25,19.06,35877,408,0,0,2,2024,89,420,15,61.5,5,FALSE,0,0,FALSE,FALSE,0,0,FALSE,Local Nature Reserve
410 3,757,681,681,324,349,349,10,751,367,0,4826,418,104,0,0,0,23.19,379.44,27.2,15.57,24868,275,0,0,3,2024,89,480,15,58.5,2,FALSE,0,0,FALSE,FALSE,0,0,FALSE,Local Nature Reserve
410 4,975,511,511,113,501,501,123,801,232,144,5077,377,0,0,0,0,19.48,392.75,23.47,12.42,25095,380,17073,0,4,2024,89,360,14,54.5,3,FALSE,0,0,FALSE,FALSE,0,0,FALSE,Reclaimed greenspace
410 5,797,666,666,162,343,343,125,887,637,145,4683,688,233,0,0,0,7.38,229.5,27.4,11.31,29268,325,0,0,5,2024,89,480,14,62,1,TRUE,80,5,TRUE,FALSE,0,0,FALSE,Reclaimed greenspace
410 9,911,535,535,169,488,488,90,834,320,117,4967,452,16,0,0,0,18.56,400,25.18,13.92,28338,353,8201,0,9,2024,89,480,14,57.5,2,FALSE,0,0,FALSE,FALSE,0,0,FALSE,Reclaimed greenspace
410 10,977,453,453,138,579,579,193,950,425,204,4969,566,6,0,0,0,17.54,153.62,22.65,17.4,22720,322,13901,0,10,2024,89,420,14,55,1,FALSE,0,0,FALSE,FALSE,0,0,FALSE,Reclaimed greenspace
420 1,433,145,145,21,1865,1865,662,9,662,697,473,473,473,8.8,4.58,5991,15.21,207.94,19.17,9.6,7846,153,4786,9358,1,2023,49,420,17,52.5,1,FALSE,0,0,FALSE,FALSE,0,0,FALSE,Public carpark
420 2,716,243,243,35,1887,1887,500,13,500,423,754,754,477,8.6,3.97,6596,13.7,359.81,17.81,7.77,7921,158,3214,11034,2,2023,49,480,17,42,3,FALSE,0,0,FALSE,TRUE,25,30,TRUE,Cycle/footpath
420 7,641,138,138,2,1794,1794,467,48,467,489,665,665,462,19.6,4.36,11422,0,0,19.17,9.56,4774,99,28,2595,7,2023,49,480,17,67,27,FALSE,0,0,FALSE,FALSE,0,0,FALSE,Public carpark
420 8,594,37,37,0,1703,1703,452,140,452,558,601,601,448,19.6,5.15,15485,0,0,17.12,8.85,1389,47,42,1581,8,2023,49,360,18,56,25,FALSE,0,0,FALSE,FALSE,0,0,FALSE,Public square
420 9,279,28,28,8,1711,1711,436,224,436,516,262,262,262,7.8,3.93,3763,7.24,14.81,19.99,7.69,4721,148,0,3748,9,2023,49,360,17,56,0,FALSE,0,0,FALSE,FALSE,0,0,FALSE,Private commercial
420 10,415,28,28,27,1750,1750,604,129,604,688,426,426,426,19.6,5.27,10029,8.02,88.62,19.99,8.33,3140,79,0,5888,10,2023,49,360,17,60,10,FALSE,0,0,FALSE,FALSE,0,0,FALSE,Private commercial
420 11,508,132,132,0,1826,1826,582,27,582,620,539,539,539,19.6,5.08,9128,0,0,19.17,10.19,6538,115,2820,3873,11,2023,49,300,17,55,2,FALSE,0,0,FALSE,FALSE,0,0,FALSE,Public carpark
421 1,1058,271,271,119,1317,1317,41,565,123,218,518,518,60,12,5.24,908,20.44,400,31.36,16.33,31312,380,26107,3598,1,2023,49,480,16,16.5,0,FALSE,0,0,FALSE,FALSE,0,0,FALSE,Religious Grounds/Cemetery
421 2,1153,92,92,82,1499,1499,1,467,121,159,696,696,0,17.2,6.15,1722,28.37,400,28.43,16.86,23906,263,13481,6723,2,2023,49,300,15,3,0,FALSE,0,0,FALSE,FALSE,0,0,FALSE,Public Park Or Garden
421 3,1039,125,125,75,1463,1463,2,442,2,268,661,661,0,17.2,6.45,771,17.91,223.25,30.05,13.5,23245,289,17522,2728,3,2023,49,900,15,1,4,TRUE,200,5,TRUE,TRUE,10,30,TRUE,Public Park Or Garden
421 4,1085,387,387,99,1203,1203,3,668,240,112,407,407,125,7.3,4.25,811,26.81,395.94,31.36,17.81,31530,325,25030,3952,4,2023,49,600,16,50,4,FALSE,0,0,FALSE,FALSE,0,0,FALSE,Public Park Or Garden
421 6,708,78,78,19,1546,1546,317,296,317,424,687,687,316,16.2,5.47,10319,16.04,80.31,18.77,9.02,4476,104,1344,8594,6,2023,49,420,14,1,0,TRUE,300,5,TRUE,FALSE,0,0,FALSE,Public residential
421 8,1039,10,10,10,1578,1578,117,345,117,189,776,776,59,17.2,5.45,5119,15.1,179,23.37,9.35,10220,194,2762,9318,8,2023,49,1080,15,3.5,2,FALSE,0,0,FALSE,TRUE,350,30,TRUE,Public Park Or Garden
421 10,1112,222,222,84,1366,1366,2,550,86,299,563,563,0,12,5.7,1489,30.05,400,30.24,15.53,30051,356,22487,8895,10,2023,49,420,16,0,0,FALSE,0,0,FALSE,FALSE,0,0,FALSE,Public Park Or Garden
422 1,1502,253,253,15,1313,1313,303,779,452,320,635,635,303,11.4,4.15,5702,10.3,41.88,23.78,12.3,14885,214,3637,24233,1,2024,89,360,16,55.5,3,FALSE,0,0,FALSE,FALSE,0,0,FALSE,Reclaimed greenspace
422 4,1359,394,394,16,1209,1209,218,792,349,381,421,421,227,18.3,4.49,7023,23.28,344.31,23.62,11.33,12329,179,4627,20275,4,2024,89,360,16,54,0,FALSE,0,0,FALSE,FALSE,0,0,FALSE,Reclaimed greenspace
422 5,1257,257,257,28,1339,1339,107,643,218,271,540,540,108,12,5.02,6994,24.83,275.94,30.05,12.73,15931,232,129,26488,5,2024,89,420,16,60.5,5,FALSE,0,0,FALSE,FALSE,0,0,FALSE,Reclaimed greenspace
422 6,1361,469,469,18,1131,1131,225,844,386,343,341,341,256,18.3,4.98,6998,18.33,374,23.62,11.26,13297,194,2597,22256,6,2024,89,360,15,62,1,FALSE,0,0,FALSE,FALSE,0,0,FALSE,Reclaimed greenspace
422 7,1149,390,390,37,1197,1197,21,693,240,164,395,395,127,8.3,4.45,3162,30.88,380.12,31.36,15.92,25928,294,17917,12106,7,2024,89,360,16,56.5,5,FALSE,0,0,FALSE,FALSE,0,0,FALSE,Public Park Or Garden
422 10,1213,144,144,13,1450,1450,44,539,164,172,650,650,46,17.2,6.31,4294,18.31,89.94,30.05,17.19,23834,261,10570,17741,10,2024,89,420,15,56.5,0,FALSE,0,0,FALSE,FALSE,0,0,FALSE,Reclaimed greenspace
422 11,1597,436,436,38,1028,1028,464,1045,588,560,369,369,369,10.7,4.11,8108,17.19,202.62,18.33,8.17,7434,189,0,23139,11,2024,89,420,16,58,1,FALSE,0,0,FALSE,FALSE,0,0,FALSE,Reclaimed greenspace
474 4,1600,17,17,17,1070,1070,6,362,749,0,5964,747,11,12.2,5.06,5557,33.05,160.12,33.05,13.83,11518,168,8338,1716,4,2023,96,720,17,51.5,20,TRUE,200,5,TRUE,TRUE,100,25,TRUE,Public Park Or Garden
474 5,1572,11,11,11,1050,1050,88,281,674,0,5962,747,55,12.2,5.21,3450,18.81,236.94,33.05,13.89,11128,167,8403,4677,5,2023,96,420,16,47.5,7,TRUE,300,5,TRUE,FALSE,0,0,FALSE,Public Park Or Garden
474 6,1533,45,45,27,996,996,15,408,725,62,5880,666,101,11.7,4.91,9096,7.79,6.75,33.05,9.56,8415,187,1913,8189,6,2023,96,360,17,47.5,6,FALSE,0,0,FALSE,FALSE,0,0,FALSE,Private commercial
485 1,1528,58,58,58,2473,1470,355,193,518,202,997,0,0,8.6,5.32,1476,0,0,23.98,12.47,14415,214,29055,300,1,2024,90,480,17,55,1,TRUE,400,10,TRUE,FALSE,0,0,FALSE,Public Park Or Garden
485 3,1789,9,9,9,2135,1368,550,95,591,113,978,136,136,9.8,5.87,3762,12.99,342.5,22.05,9.32,8045,151,7976,4671,3,2024,90,360,17,61.5,0,TRUE,40,20,TRUE,TRUE,80,60,TRUE,Public Park Or Garden
485 4,1858,23,23,23,2048,1329,612,170,617,203,970,227,227,8.7,5.26,1748,15.35,4.81,15.88,8.42,6743,139,6399,2404,4,2024,90,360,17,60,0,FALSE,0,0,FALSE,TRUE,50,30,TRUE,Public Park Or Garden
485 5,1601,30,30,30,2395,1433,374,121,526,121,978,0,0,9,5.2,2753,13.93,35.75,27.47,13.12,14117,217,23466,1037,5,2024,90,360,17,57.5,9,TRUE,400,10,TRUE,FALSE,0,0,FALSE,Public Park Or Garden
485 9,1673,25,25,25,2316,1400,409,55,521,40,959,0,0,9,5.01,3077,25.02,261.75,30.53,16.59,18303,246,18914,906,9,2024,90,360,17,62,7,TRUE,380,10,TRUE,FALSE,0,0,FALSE,Public Park Or Garden
485 12,1574,23,23,17,2368,1503,455,77,606,118,1055,44,44,9,4.78,6409,2.68,2.81,25.83,10.1,11103,217,11660,5758,12,2024,90,300,17,68.5,0,TRUE,50,5,TRUE,TRUE,5,40,FALSE,Public residential
492 3,2133,45,45,41,85,85,85,852,1151,13,1323,897,897,11.5,4.7,5333,0,0,19.14,12,6022,74,0,6092,3,2024,5,360,11,63,1,FALSE,0,0,FALSE,FALSE,0,0,FALSE,Private commercial
492 6,2074,156,156,4,33,33,33,840,1199,0,1374,969,969,8.1,5.03,4722,5.61,31.38,19.14,8.94,3456,69,0,8724,6,2024,5,660,11,59.5,6,TRUE,80,15,TRUE,TRUE,40,60,TRUE,Cycle/footpath
492 7,2394,59,59,59,340,340,340,1232,925,376,1344,759,759,6.6,4.38,553,19.68,97.69,22.36,13.3,12817,139,4771,790,7,2024,5,660,10,60,5,TRUE,300,10,TRUE,FALSE,0,0,FALSE,Public Park Or Garden
492 10,1997,248,214,19,32,32,32,792,1276,0,1374,1054,1054,8.8,5.23,3931,6.76,0,18.22,6.98,2651,76,1648,8701,10,2024,5,660,11,62,3,TRUE,80,11,TRUE,TRUE,40,60,TRUE,Cycle/footpath
492 11,2296,107,107,15,260,260,260,1134,1012,301,1419,833,833,8.6,4.35,4191,0,0,21.14,8.97,6056,102,3808,7621,11,2024,5,720,10,72,5,TRUE,50,15,TRUE,TRUE,8,80,FALSE,Public Park Or Garden
497 1,726,81,81,8,362,362,362,444,3161,272,2580,391,391,8,5.14,7005,9.54,94.25,15.91,7.91,5352,120,0,13027,1,2024,76,540,13,56.5,7,TRUE,300,10,TRUE,FALSE,0,0,FALSE,Public residential
497 4,597,61,61,61,256,256,256,159,3426,298,2515,623,623,8.2,4.31,10552,0,0,17.28,9.54,3226,102,0,0,4,2024,76,360,13,73,22,FALSE,0,0,FALSE,FALSE,0,0,FALSE,Private commercial
497 5,539,81,69,34,269,269,269,322,3285,316,2645,409,409,15.9,8.05,6403,14.61,62.44,23.7,10.23,7620,149,0,8478,5,2024,76,480,13,61,4,TRUE,350,5,TRUE,FALSE,0,0,FALSE,Private residential
497 10,559,139,77,77,174,174,174,105,3372,250,2549,694,693,25,6.89,8737,8.51,57.31,14.17,6.84,3567,115,0,0,10,2024,76,360,13,66,30,FALSE,0,0,FALSE,FALSE,0,0,FALSE,Private commercial
497 11,490,52,28,28,139,139,139,195,3462,184,2617,607,607,36.3,8.19,3838,7.15,29.62,15.21,8.51,4760,134,0,1084,11,2024,76,360,13,67,10,FALSE,0,0,FALSE,FALSE,0,0,FALSE,Private commercial
497 12,411,61,7,5,124,124,124,249,3358,165,2720,459,459,28.4,10.39,7558,0,0,14.56,9.21,4444,92,0,3568,12,2024,76,360,14,72.5,7,TRUE,25,5,TRUE,FALSE,0,0,FALSE,Private commercial
506 1,1735,155,155,98,1208,1208,9,355,828,0,5906,886,0,8.3,6.63,899,25.47,195.81,30.85,11.61,11810,183,12754,11,1,2023,96,540,15,53,25,TRUE,150,5,FALSE,TRUE,40,30,TRUE,Public Park Or Garden
506 2,1827,248,248,64,1301,1301,7,340,887,5,5814,981,14,7.7,6.27,1607,18.84,199.12,32.73,11.26,14912,220,16140,1564,2,2023,96,420,15,52.5,3,FALSE,0,0,FALSE,TRUE,300,40,TRUE,Public Park Or Garden
506 4,1694,125,125,125,1178,1178,209,144,670,111,5855,916,93,8.3,4.7,2897,12.1,5.75,25.4,15.44,5734,81,2764,0,4,2023,96,300,16,53,11,TRUE,400,5,TRUE,FALSE,0,0,FALSE,Public Park Or Garden
506 5,1711,150,150,150,1192,1192,116,239,738,101,5876,898,44,0,0,0,0,0,21.1,12.97,9052,126,9727,0,5,2023,96,360,16,53.5,4,TRUE,400,5,TRUE,FALSE,0,0,FALSE,Public Park Or Garden
506 8,1575,14,14,14,1057,1057,158,210,626,2,5986,777,103,12.2,4.88,2753,19.49,166.69,28.43,13.3,9867,139,5529,6959,8,2023,96,420,16,49,4,TRUE,300,5,TRUE,FALSE,0,0,FALSE,Public Park Or Garden
506 10,1902,328,328,43,1384,1384,211,50,841,74,5612,1159,108,23,5.74,1883,0,0,19.7,11.79,6306,112,3504,2221,10,2023,96,420,16,53,18,TRUE,300,5,TRUE,FALSE,0,0,FALSE,Public Park Or Garden
506 12,1813,203,203,16,1259,1259,305,21,713,194,5704,1071,121,8.3,4.48,2434,16.21,299.56,25.4,12.46,8126,120,4414,5114,12,2023,96,420,16,53.5,18,TRUE,300,5,TRUE,FALSE,0,0,FALSE,Public Park Or Garden
538 7,2146,687,687,4,1710,1710,9,17,743,0,5320,1471,422,7.8,5.05,3175,18.59,327.19,23.2,10.76,9665,162,2763,6153,7,2023,96,420,15,54.5,1,FALSE,0,0,FALSE,FALSE,0,0,FALSE,Cycle/footpath
538 11,2207,636,636,5,1740,1740,0,17,649,0,5237,1564,519,8,5.32,3905,21.5,206.5,23.2,11.03,10648,206,2827,7533,11,2023,96,480,15,41.5,2,FALSE,0,0,FALSE,TRUE,150,40,TRUE,Private residential
542 1,328,160,160,47,91,91,91,1555,414,70,5531,1776,198,6.3,4.34,1615,0,0,20.44,6.9,1783,46,0,4167,1,2023,92,540,16,43,4,TRUE,400,5,FALSE,FALSE,0,0,FALSE,Playing Field
542 2,224,176,176,37,94,94,94,1308,415,75,5881,1738,220,7.7,4.87,1423,0,0,24.83,7.52,5564,106,9901,6517,2,2023,92,480,17,42,3,TRUE,100,5,TRUE,TRUE,300,80,FALSE,Playing Field
542 3,86,49,49,49,191,191,191,1377,277,170,5852,1638,276,6.7,5.28,221,0,0,25.79,13.01,7676,111,6994,1063,3,2023,92,360,17,41.5,0,TRUE,350,5,TRUE,TRUE,20,30,TRUE,Playing Field
542 4,54,54,54,54,110,110,110,1315,226,92,5939,1546,208,0,0,0,0,0,17.44,11.57,15580,223,5596,0,4,2023,92,420,17,43.5,5,TRUE,250,5,TRUE,TRUE,150,60,TRUE,Playing Field
542 5,49,33,33,33,143,143,143,1466,170,125,5810,1566,164,0,0,0,15.48,126.44,18.98,13.83,10228,145,8347,0,5,2023,92,360,17,43,1,TRUE,300,5,FALSE,TRUE,10,50,FALSE,Playing Field
542 6,66,66,66,66,15,15,15,1258,213,0,6026,1456,163,0,0,0,14.89,328.25,21.08,12.13,19304,265,3079,0,6,2023,92,540,17,44,6,FALSE,0,0,FALSE,TRUE,100,30,TRUE,Other greenspace
542 9,17,17,17,17,72,72,72,1419,93,54,5889,1475,92,0,0,0,18.98,298.94,23.54,13.09,10325,161,5653,0,9,2023,92,420,17,45,1,TRUE,380,10,FALSE,TRUE,10,50,FALSE,Playing Field
542 11,170,134,134,66,27,27,27,1585,228,9,5692,1626,78,6.8,4.72,819,0,0,28.66,13.14,3952,72,2695,2389,11,2023,92,420,16,43,1,TRUE,200,10,FALSE,TRUE,20,50,TRUE,Playing Field
547 1,502,502,502,502,3535,853,47,819,270,398,0,0,0,0,0,0,19.78,400,22.85,15.2,24580,285,24717,0,1,2023,64,300,18,42,0,FALSE,0,0,FALSE,FALSE,0,0,FALSE,Golf Course
547 2,701,651,651,651,3327,720,125,599,466,243,50,50,50,8,8,71,18.1,382.06,25.61,14.64,23012,278,23117,0,2,2023,64,420,17,36.5,0,FALSE,0,0,FALSE,TRUE,100,30,TRUE,Public Park Or Garden
547 5,545,545,545,545,3504,1066,256,888,346,313,172,172,0,49,14.7,151,16.45,78,20.38,12.18,9935,120,9240,0,5,2023,64,300,18,41.5,1,TRUE,200,10,TRUE,FALSE,0,0,FALSE,Public Park Or Garden
547 7,492,492,492,492,3552,1021,217,898,270,304,92,92,27,3,3,66,0,0,20.38,11.02,11095,123,10689,0,7,2023,64,480,18,44.5,0,FALSE,0,0,FALSE,TRUE,400,30,TRUE,Public Park Or Garden
547 8,590,590,590,590,3428,701,17,679,394,354,0,0,0,0,0,0,15.16,400,19.85,11.5,23826,268,25108,0,8,2023,64,300,17,39.5,0,FALSE,0,0,FALSE,FALSE,0,0,FALSE,Golf Course
547 10,583,583,583,583,3451,795,33,729,360,361,0,0,0,0,0,0,18.56,400,22.93,13.52,22372,249,22783,0,10,2023,64,300,18,42,0,FALSE,0,0,FALSE,FALSE,0,0,FALSE,Golf Course
547 11,719,719,719,714,3330,1013,219,728,433,323,238,133,0,49,10.85,456,18.29,177.19,23.58,13.92,13922,175,9549,0,11,2023,64,420,18,42,0,TRUE,200,5,TRUE,FALSE,0,0,FALSE,Public Park Or Garden
551 8,1942,138,138,10,1812,432,391,195,392,697,569,569,0,11.4,5.24,4692,15.6,247.25,21.17,12.6,11445,146,12569,11274,8,2024,16,540,16,51.5,1,TRUE,8,30,TRUE,FALSE,0,0,FALSE,Brownfield
559 1,1209,92,92,22,88,88,88,99,2728,366,2890,1260,948,62.7,27.48,15429,0,0,17.08,6.94,569,25,0,14,1,2023,26,420,15,45.5,30,TRUE,200,5,TRUE,FALSE,0,0,FALSE,Private commercial
559 2,1196,44,44,6,289,289,289,103,2701,94,2604,1429,663,63.9,13.62,12311,8.300000000000002,14.5,29.92,8.66,1405,42,0,112,2,2023,26,780,15,46.5,10,FALSE,0,0,FALSE,FALSE,0,0,FALSE,Brownfield
559 3,1317,73,73,29,280,280,280,35,2662,219,2723,1244,833,48.4,11.01,9889,7.63,23.5,29.92,6.42,1559,87,0,76,3,2023,26,720,15,46,4,FALSE,0,0,FALSE,FALSE,0,0,FALSE,Private commercial
559 4,1160,63,63,0,123,123,123,24,2807,285,2805,1341,850,106.5,20.57,12092,0,0,13.77,6.69,817,47,0,124,4,2023,26,300,15,45.5,4,FALSE,0,0,FALSE,FALSE,0,0,FALSE,Public carpark
559 5,1272,102,102,41,73,73,73,144,2650,429,2950,1182,1025,66.1,26.19,17034,0,0,16.15,7.7,1117,36,0,976,5,2023,26,360,15,46,20,FALSE,0,0,FALSE,FALSE,0,0,FALSE,Private commercial
559 6,1260,29,29,9,406,406,406,219,2607,0,2487,1464,573,52,6.63,8039,18.24,84.69,19.63,10.2,7063,133,0,5917,6,2023,26,780,14,45,1,TRUE,225,5,TRUE,FALSE,0,0,FALSE,Public Park Or Garden
559 8,1389,17,17,17,410,410,410,168,2543,151,2601,1267,754,52,15.46,8961,14.91,163.31,20,9.12,4885,99,0,4971,8,2023,26,720,16,47.5,0,TRUE,50,10,TRUE,FALSE,0,0,FALSE,Private commercial
566 1,1953,387,387,64,2313,2206,839,1748,1470,191,4756,2162,0,10.9,4.88,550,27.92,374.5,30.05,21.65,22761,242,20763,360,1,2023,67,600,16,61,0,FALSE,0,0,FALSE,FALSE,0,0,FALSE,Public Park Or Garden
566 3,1764,432,432,22,2144,2008,654,1721,1670,319,4864,1979,100,10.9,6.06,2321,23.56,383.56,25.94,15.95,15285,215,9457,4364,3,2023,67,420,15,58.5,2,TRUE,300,10,TRUE,FALSE,0,0,FALSE,Public Park Or Garden
566 4,1829,343,343,82,2264,2086,713,1809,1592,200,4753,2098,54,4.9,4.78,39,23.79,200.25,27.51,19.63,14023,174,14390,314,4,2023,67,900,16,63.5,2,TRUE,80,5,TRUE,TRUE,160,50,TRUE,Public Park Or Garden
566 5,1880,524,524,6,2141,2112,733,1628,1573,357,4919,1995,92,13.1,7.01,5673,19.19,400,29.51,16.3,20206,257,5876,12154,5,2023,67,660,15,60.5,0,TRUE,350,5,TRUE,FALSE,0,0,FALSE,Public Park Or Garden
566 6,1882,435,435,18,2222,2128,770,1713,1550,266,4827,2069,2,10.9,5.53,2910,25.94,318.94,29.51,19.12,22190,262,18093,3483,6,2023,67,480,16,61.5,20,TRUE,300,10,TRUE,FALSE,0,0,FALSE,Public Park Or Garden
566 7,2046,420,420,31,2350,2297,934,1695,1380,207,4760,2212,0,10.9,5.3,5875,28.65,385.94,30.05,20.53,22739,273,17290,536,7,2023,67,600,16,62,10,TRUE,60,10,TRUE,FALSE,0,0,FALSE,Public Park Or Garden
566 8,2045,330,330,120,2424,2306,919,1735,1373,127,4670,2277,49,0,0,0,0,0,31.51,22.57,15598,202,13283,0,8,2023,67,540,16,41,4,TRUE,400,25,TRUE,FALSE,0,0,FALSE,Public Park Or Garden
569 2,2437,431,431,81,1772,1772,40,470,77,186,4552,2250,361,0,0,0,13.69,176.44,30.34,14.76,15773,183,14963,0,2,2023,92,240,18,21,2,TRUE,300,10,FALSE,TRUE,5,30,FALSE,Playing Field
569 3,2516,398,398,16,1909,1909,100,477,162,0,4759,2088,580,7.3,3.9,4671,13.31,145.69,20.93,9.19,9247,194,5514,12267,3,2023,92,360,19,42,2,FALSE,0,0,FALSE,FALSE,0,0,FALSE,Cycle/footpath
569 4,2674,293,293,3,2006,2006,4,696,170,0,4489,2373,322,9.1,4.56,5026,21.17,394.56,23.83,9.68,13271,238,6568,14180,4,2023,92,360,19,42,3,FALSE,0,0,FALSE,FALSE,0,0,FALSE,Cycle/footpath
569 5,2589,353,353,21,1949,1949,62,585,91,0,4619,2234,441,6.9,4,5402,9.65,285.94,30.1,9.73,9962,197,6306,14813,5,2023,92,420,19,42,0,FALSE,0,0,FALSE,TRUE,20,50,TRUE,Cycle/footpath
569 8,2410,468,468,34,1858,1858,74,306,364,0,4970,1867,782,12.1,4.39,4444,14.77,268.94,20.43,9.45,12244,204,7027,13489,8,2023,92,300,19,43.5,5,FALSE,0,0,FALSE,FALSE,0,0,FALSE,Cycle/footpath
569 9,2372,504,504,111,1728,1728,32,388,114,194,4644,2153,434,2.8,2.45,261,12.5,152.06,30.34,13.8,13134,159,14468,0,9,2023,92,480,18,40,2,TRUE,100,20,TRUE,TRUE,100,40,TRUE,Playing Field
569 11,2481,463,463,13,1838,1838,0,487,24,95,4630,2191,451,5.5,3.41,1907,30.1,400,30.34,13.51,20439,251,17928,4799,11,2023,92,480,18,42,0,FALSE,0,0,FALSE,FALSE,0,0,FALSE,Playing Field
580 1,816,256,256,256,2998,339,189,216,254,190,258,258,162,4.2,3.75,31,0,0,18.54,13.49,6665,122,4117,0,1,2023,64,360,16,42.5,4,TRUE,400,5,FALSE,FALSE,0,0,FALSE,Golf Course
580 2,792,165,165,165,2986,260,162,198,207,208,213,189,121,0,0,0,0,0,17.92,13.24,5861,110,4114,0,2,2023,64,360,17,43.5,6,TRUE,400,5,FALSE,FALSE,0,0,FALSE,Golf Course
580 3,846,377,377,377,3041,447,258,250,340,157,263,263,65,4.2,3.75,31,0,0,25.11,17.35,3681,55,1986,0,3,2023,64,480,16,43.5,2,TRUE,60,10,TRUE,TRUE,340,60,TRUE,Public Park Or Garden
580 4,495,127,127,127,3308,210,0,495,93,455,265,147,0,3.4,2.71,745,21.48,344.81,23,13.79,12388,157,8471,0,4,2023,64,540,16,40,20,TRUE,80,10,TRUE,FALSE,0,0,FALSE,Golf Course
580 5,746,85,85,85,3013,181,147,192,162,202,207,109,97,0,0,0,0,0,22.42,14.89,9934,134,7626,0,5,2023,64,300,17,40,5,TRUE,400,5,FALSE,FALSE,0,0,FALSE,Golf Course
580 6,658,144,144,144,3129,210,100,331,100,341,314,159,107,0,0,0,0,0,23.34,15.37,14670,196,11944,0,6,2023,64,360,17,41.5,7,TRUE,400,5,FALSE,FALSE,0,0,FALSE,Golf Course
580 7,577,204,204,204,3261,273,86,478,160,424,194,194,2,3,2.85,8,22.22,144.19,25.59,16.52,14420,160,8979,0,7,2023,64,360,16,40.5,4,TRUE,200,5,TRUE,TRUE,8,20,TRUE,Golf Course
584 11,2786,31,31,11,1263,1067,520,533,520,307,1215,1138,566,11.3,4.92,5553,23.08,146.81,24.51,12.71,11135,149,0,8886,11,2024,16,360,16,62,2,TRUE,350,10,FALSE,FALSE,0,0,FALSE,Religious Grounds/Cemetery
612 2,628,62,62,56,3353,438,167,680,219,666,254,224,138,7,5.11,4552,12.25,97.56,19.82,9.63,7398,132,3140,14398,2,2024,16,840,15,65.5,0,FALSE,0,0,FALSE,TRUE,350,80,TRUE,Brownfield
612 3,353,5,5,5,3408,113,113,558,121,322,409,30,21,7.4,4.3,487,26.1,368.69,27.53,15.26,12562,152,14123,0,3,2024,16,660,14,70.5,5,TRUE,200,15,TRUE,FALSE,0,0,FALSE,Public Park Or Garden
612 4,444,38,38,38,3303,33,33,447,94,424,306,0,0,17.4,7.13,2008,25.93,310.44,25.93,12.97,16086,214,18445,2154,4,2024,16,660,14,64,0,TRUE,20,20,TRUE,TRUE,40,50,TRUE,Local Nature Reserve
612 5,686,39,39,39,3123,141,123,372,244,366,0,0,0,7.6,4.78,2272,28.7,400,28.7,13.67,20682,350,19438,5539,5,2024,16,420,15,62.5,5,TRUE,20,10,FALSE,FALSE,0,0,FALSE,Local Nature Reserve
612 6,482,88,88,0,3350,210,210,555,361,490,173,173,173,8.5,5.21,7968,0,0,20.54,7.73,5502,110,0,22503,6,2024,16,480,16,68,1,FALSE,0,0,FALSE,FALSE,0,0,FALSE,Public residential
612 7,332,70,70,26,3417,5,5,561,189,318,346,0,0,8.1,4.49,2424,16.12,223.5,28.24,12.25,11183,180,15344,5802,7,2024,16,600,15,67.5,1,TRUE,20,10,TRUE,FALSE,20,50,TRUE,Local Nature Reserve
612 8,618,76,76,35,3132,3,3,280,132,280,135,8,8,17.4,6.88,3292,18.25,179.94,29.43,15.37,16733,243,13852,4179,8,2024,16,660,15,63.5,1,TRUE,200,5,TRUE,FALSE,0,0,FALSE,Local Nature Reserve
618 7,3461,48,17,17,1457,1117,353,516,814,733,1702,1218,357,9.6,5.6,10270,7.19,87.25,19.2,7.42,2728,63,0,8756,7,2024,90,360,16,61.5,13,TRUE,300,5,TRUE,FALSE,0,0,FALSE,Public Park Or Garden
618 10,3584,197,28,20,1500,1079,419,668,879,964,1790,1361,446,13.7,4.8,8660,13.08,57.19,17.39,8.58,4314,92,0,10949,10,2024,90,300,16,69.5,7,TRUE,300,15,TRUE,FALSE,0,0,FALSE,Public residential
619 1,3363,306,80,31,1546,1104,494,769,981,1132,1876,1277,594,7.6,4.56,4671,4.24,0,21.18,10.08,6473,107,0,6623,1,2024,90,360,15,52.5,1,TRUE,300,20,TRUE,FALSE,0,0,FALSE,Public residential
619 3,3354,266,196,38,1665,972,601,642,860,1000,1983,1247,669,10.2,4.61,3946,0,0,23.01,10.87,8650,117,0,4514,3,2024,90,360,16,53,1,TRUE,350,5,TRUE,FALSE,0,0,FALSE,Public Park Or Garden
619 4,3263,234,124,25,1519,1110,549,802,1027,1147,1933,1182,681,7.6,4.54,3872,6.11,34.81,14.77,8.44,4446,99,0,7050,4,2024,90,300,16,55.5,3,TRUE,350,5,TRUE,TRUE,20,40,TRUE,Public residential
619 5,3454,110,110,13,1733,863,611,503,712,882,2028,1297,681,10.2,4.98,11598,7.06,15.62,19.33,8.36,3214,87,0,11109,5,2024,90,360,16,63,4,TRUE,30,10,TRUE,FALSE,0,0,FALSE,Religious Grounds/Cemetery
619 7,3151,231,231,16,1482,981,684,755,999,1075,2073,1054,818,6.5,4.4,6864,9.09,0.12,15.44,7.05,2474,68,0,8088,7,2024,90,300,16,56.5,1,TRUE,300,15,TRUE,FALSE,0,0,FALSE,Public residential
619 10,3190,158,133,15,1437,1098,561,859,1091,1192,1957,1120,739,6.5,4.78,5683,9.16,44,20.99,7.34,2165,75,0,11998,10,2024,90,360,16,64,7,TRUE,200,10,TRUE,FALSE,0,0,FALSE,Public residential
633 2,2993,241,241,38,2212,2212,5,1094,789,0,3819,3027,334,6.4,4.74,5555,12.48,295.88,23.52,7.89,7755,157,7195,20604,2,2024,76,720,16,52,7,FALSE,0,0,FALSE,TRUE,100,80,TRUE,Cycle/footpath
633 12,2776,118,118,0,2003,2003,167,875,625,149,3959,2849,151,7.3,5.11,6797,12.93,16.31,20.26,7.97,6114,161,0,24715,12,2024,76,420,15,57.5,1,TRUE,20,10,FALSE,FALSE,0,0,FALSE,Public residential
654 2,1700,12,12,1,1112,324,324,160,1275,976,2702,378,232,5.8,4.54,2916,0,0,19.8,12.03,3285,42,2444,1557,2,2023,91,300,10,45.5,4,FALSE,0,0,FALSE,FALSE,0,0,FALSE,Public carpark
654 5,1719,47,47,9,1014,279,279,112,1296,1049,2799,318,247,7.9,4.25,2528,0,0,18.86,8.65,2513,51,1366,0,5,2023,91,480,10,48,1,FALSE,0,0,FALSE,FALSE,0,0,FALSE,Public carpark
654 6,1820,28,28,15,1152,214,214,44,1162,1083,2662,259,179,2.8,2.08,453,18.28,2.31,21.23,11.81,6396,84,6604,0,6,2023,91,360,10,47.5,0,FALSE,0,0,FALSE,FALSE,0,0,FALSE,Brownfield
654 12,1680,152,152,8,818,187,187,98,1426,1051,2995,240,240,27.8,13.98,5942,11.61,4.62,18.17,7.79,3689,83,1746,266,12,2023,91,300,10,59.5,1,FALSE,0,0,FALSE,FALSE,0,0,FALSE,Public carpark
661 1,1421,521,92,92,2826,1645,804,1700,1413,0,3715,2897,44,0,0,0,26.43,386.88,29.3,20.74,22512,270,16187,0,1,2024,76,420,15,58.5,8,TRUE,380,10,TRUE,FALSE,0,0,FALSE,Public Park Or Garden
661 2,1340,585,150,124,2693,1568,670,1726,1504,0,3848,2763,0,11.9,8.11,2145,25.03,308.38,29.06,20.61,19252,190,13874,0,2,2024,76,300,14,63,13,TRUE,300,5,TRUE,FALSE,0,0,FALSE,Public Park Or Garden
661 3,1248,630,215,43,2557,1479,536,1615,1616,0,3984,2628,0,23.8,8.11,3345,27.21,279.44,29.06,19.12,10044,120,7293,1610,3,2024,76,600,14,57,12,TRUE,50,5,TRUE,FALSE,0,0,FALSE,Public Park Or Garden
661 4,1473,635,24,24,2794,1701,755,1814,1371,13,3754,2853,89,11.3,6.71,3517,25.69,273.69,28.25,16.71,13384,186,7926,5433,4,2024,76,480,15,59.5,8,TRUE,380,5,TRUE,FALSE,0,0,FALSE,Public Park Or Garden
661 5,1341,445,59,59,2800,1562,791,1616,1494,0,3740,2882,76,23.3,5.61,4971,26.18,368,27.82,18.94,18279,215,9066,0,5,2024,76,360,14,62.5,8,TRUE,250,5,FALSE,FALSE,0,0,FALSE,Public Park Or Garden
661 6,1503,551,11,11,2889,1727,858,1740,1331,43,3655,2953,115,18.4,8.11,4465,28.32,400,29.3,20.15,17445,219,13454,2623,6,2024,76,480,15,63,13,TRUE,300,20,TRUE,FALSE,0,0,FALSE,Public Park Or Garden
661 8,1476,457,28,28,2925,1693,907,1647,1363,10,3615,2999,148,23.3,8.36,6402,29.27,339.38,29.3,21.36,14494,178,10870,119,8,2024,76,420,15,65.5,1,TRUE,100,15,TRUE,FALSE,0,0,FALSE,Public Park Or Garden
663 3,2503,420,420,99,3367,2731,216,1681,366,48,3138,3138,425,9,4.68,2539,0,0,22.84,15.05,6897,75,5958,0,3,2023,67,360,17,48,1,TRUE,300,20,TRUE,TRUE,40,50,TRUE,Public Park Or Garden
663 6,2701,408,408,83,3193,2929,34,1619,239,176,3083,3083,229,5.3,4.42,2539,6,0.69,26.84,13.78,11794,135,10173,596,6,2023,67,360,18,55,6,FALSE,0,0,FALSE,FALSE,0,0,FALSE,Playing Field
663 7,2413,391,391,12,3441,2640,276,1718,446,0,3176,3176,515,10.2,5.6,6820,20.82,337.94,23.83,13.66,7995,105,4149,3007,7,2023,67,420,17,58.5,6,TRUE,200,10,TRUE,FALSE,0,0,FALSE,Public Park Or Garden
663 8,2282,663,663,17,3209,2532,528,2158,820,421,3631,3131,680,13,5.09,11549,3.3,7.88,11.79,4.49,861,74,0,10011,8,2023,67,420,17,45,3,FALSE,0,0,FALSE,FALSE,0,0,FALSE,Public residential
667 6,2813,1154,23,23,1932,1932,88,872,1159,942,3158,2625,872,11.8,6.06,10831,18.22,160.62,24.17,10.16,7793,159,0,8587,6,2024,89,420,17,61,1,FALSE,0,0,FALSE,FALSE,0,0,FALSE,Religious Grounds/Cemetery
667 9,2722,958,112,0,1847,1847,264,781,1272,852,3313,2675,990,11.6,5.75,9881,12.02,82.12,24.5,9.42,6854,132,0,10130,9,2024,89,420,17,56,8,FALSE,0,0,FALSE,FALSE,0,0,FALSE,Private commercial
680 3,2262,597,597,35,2868,51,51,931,821,68,988,186,180,11.4,4.92,2451,0,0,28.06,15.36,10264,143,3706,1569,3,2024,16,480,17,56,2,TRUE,350,10,TRUE,FALSE,0,0,FALSE,Public Park Or Garden
680 5,2303,863,863,70,2650,199,199,801,802,262,1070,0,0,10.1,5.39,2363,24.83,129.94,27.04,14.15,19462,280,18964,2330,5,2024,16,480,17,59,1,FALSE,0,0,FALSE,FALSE,0,0,FALSE,Other greenspace
680 7,1881,492,492,23,3078,10,10,1254,628,246,621,237,205,9.9,5.31,3477,24.39,395.12,24.39,8.24,6708,168,4154,5938,7,2024,16,480,17,52.5,0,TRUE,160,5,FALSE,FALSE,0,0,FALSE,Public residential
686 1,1917,165,165,9,1532,483,483,163,1046,886,2281,490,0,9.5,5.38,3945,2.74,0.62,13.44,5.29,2845,101,14565,7212,1,2024,24,600,17,52,1,TRUE,40,30,TRUE,FALSE,0,0,FALSE,Brownfield
686 4,1896,92,92,35,1394,345,345,103,1050,997,2419,356,0,13.1,4,981,11.49,118.5,18.53,6.65,5005,118,14041,53,4,2024,24,540,17,57.5,0,FALSE,0,0,FALSE,FALSE,0,0,FALSE,Cycle/footpath
686 7,1733,4,4,4,1578,682,274,404,1267,658,2275,694,190,34.6,6.18,4961,15.07,97.81,21.26,10.08,5521,90,2450,9564,7,2024,24,360,16,72.5,5,TRUE,350,5,FALSE,FALSE,0,0,FALSE,Public residential
686 9,1768,49,49,6,1226,317,317,135,1188,989,2587,349,116,13.1,4.43,5554,0,0,19.8,9.86,4458,72,2699,3935,9,2024,24,360,17,77.5,2,FALSE,0,0,FALSE,FALSE,0,0,FALSE,Public carpark
686 10,1582,5,5,5,1366,606,315,416,1372,722,2498,634,189,36.2,4.86,4185,16.83,109.5,28.81,10.02,4930,91,1618,2609,10,2024,24,360,16,70.5,5,TRUE,25,5,FALSE,FALSE,0,0,FALSE,Private residential
686 11,1985,93,93,15,1649,571,482,162,1008,842,2164,578,55,9.5,4.9,5445,0,0,13.94,7.87,4296,95,3657,10456,11,2024,24,480,17,50.5,2,TRUE,16,5,TRUE,FALSE,0,0,FALSE,Public residential
686 12,1900,6,6,6,1660,644,386,270,1111,741,2163,652,118,34.6,5.52,5838,10.81,36.94,22.01,10.61,3378,61,1333,11905,12,2024,24,360,17,59,4,TRUE,400,5,TRUE,FALSE,0,0,FALSE,Public residential
690 3,290,14,14,14,2125,376,189,393,2752,251,3704,2390,652,12.8,6.61,3408,14.15,140.5,23.1,12.97,9697,124,3849,1397,3,2024,24,480,14,67.5,2,TRUE,300,15,TRUE,FALSE,0,0,FALSE,Public Park Or Garden
690 8,357,44,44,8,2203,415,126,371,2724,212,3680,2444,625,17.2,6.68,6180,20.71,185.44,23.1,13.52,5278,77,1674,1910,8,2024,24,600,14,71,12,TRUE,300,10,TRUE,TRUE,80,60,TRUE,Public Park Or Garden
690 10,159,15,15,15,1907,246,246,412,2865,240,3746,2229,736,13.7,6.91,16451,15.8,122.06,20.31,11.82,5891,71,2795,1447,10,2024,24,480,14,62,3,TRUE,100,15,TRUE,FALSE,0,0,FALSE,Public Park Or Garden
702 1,2073,506,506,8,1429,1429,226,367,367,522,3474,1400,994,7.2,3.99,7432,19.51,56.31,22.29,8.1,9001,185,348,23898,1,2024,55,420,17,51.5,1,TRUE,200,5,TRUE,FALSE,0,0,FALSE,Public residential
713 3,2271,262,262,40,3145,189,189,1126,750,159,880,519,0,7.6,5.12,4093,26.35,400,26.58,13.5,16546,258,14341,8965,3,2023,71,480,18,43,0,FALSE,0,0,FALSE,TRUE,40,20,TRUE,Reclaimed greenspace
713 6,2256,405,405,59,3028,46,46,1042,830,17,933,377,0,7.2,5.31,1086,20.38,400,33.36,15.48,24189,373,19228,3689,6,2023,71,540,18,43.5,0,FALSE,0,0,FALSE,FALSE,0,0,FALSE,Reclaimed greenspace
713 8,2345,58,58,23,3295,383,383,1230,694,300,880,720,150,5.9,4.89,6916,13.73,159.25,17.91,9.47,6196,144,0,7730,8,2023,71,360,17,43,5,TRUE,100,5,TRUE,TRUE,20,20,TRUE,Public residential
713 9,2480,263,263,18,3029,160,160,964,764,33,1083,534,24,10.8,5.37,2189,20.81,379.44,29.2,15.56,21655,283,19565,966,9,2023,71,360,18,44,0,FALSE,0,0,FALSE,FALSE,0,0,FALSE,Other greenspace
713 12,2525,130,130,8,3311,505,468,1024,468,406,1044,943,375,6.9,5.45,9155,14.54,39.12,25.85,12.39,4228,59,0,5797,12,2023,71,480,17,44,3,FALSE,0,0,FALSE,TRUE,300,25,TRUE,Roadside
731 1,3248,352,352,65,2710,2710,528,247,1340,807,2271,2271,60,9.9,4.67,833,0,0,30.16,16.82,5780,118,4720,1720,1,2024,89,360,18,61,0,TRUE,400,0,FALSE,FALSE,0,0,FALSE,Public Park Or Garden
731 2,3103,225,225,84,2662,2662,610,118,1256,844,2218,2218,0,8.2,5.55,2182,18.16,81.31,30.43,15.31,9988,190,13111,552,2,2024,89,420,17,55,1,TRUE,100,10,FALSE,FALSE,0,0,FALSE,Public Park Or Garden
731 3,3362,404,404,22,2748,2748,419,303,1427,732,2246,2246,156,5.9,3.74,3554,19.54,317.44,21.88,11.8,7032,130,1558,9471,3,2024,89,360,17,64,6,TRUE,300,5,TRUE,FALSE,0,0,FALSE,Public Park Or Garden
731 4,3217,262,262,155,2792,2792,492,158,1384,732,2170,2170,85,0,0,0,0,0,29.98,16.09,1221,46,1046,0,4,2024,89,360,17,61.5,0,TRUE,400,5,TRUE,FALSE,0,0,FALSE,Public Park Or Garden
731 8,3288,283,283,77,2844,2844,412,183,1463,667,2142,2142,165,5.9,4.73,415,5.49,42.56,28.25,14.78,5410,82,2203,650,8,2024,89,300,17,56.5,11,TRUE,350,10,TRUE,FALSE,0,0,FALSE,Public Park Or Garden
776 1,1475,636,636,151,4213,1173,60,1792,320,45,21,0,0,0,0,0,20.84,400,26.45,15.22,35245,451,34425,0,1,2023,71,420,16,45,1,FALSE,0,0,FALSE,FALSE,0,0,FALSE,Local Nature Reserve
776 2,1483,847,847,97,4393,1370,46,1576,172,29,0,0,0,9.6,6.21,311,19.73,399.5,28.29,14.79,32414,396,29558,1859,2,2023,71,300,16,46,0,FALSE,0,0,FALSE,FALSE,0,0,FALSE,Local Nature Reserve
776 3,1480,765,765,140,4328,1301,59,1670,267,41,0,0,0,0,0,0,18.6,400,26.45,15.3,35745,424,34216,107,3,2023,71,420,16,43,0,FALSE,0,0,FALSE,FALSE,0,0,FALSE,Local Nature Reserve
776 5,1584,559,559,37,4109,1088,25,1776,250,43,117,54,0,7.5,5.14,3362,22.7,399.88,27.13,14.36,21397,259,16418,6501,5,2023,71,420,17,43,1,FALSE,0,0,FALSE,FALSE,0,0,FALSE,Local Nature Reserve
776 9,1569,724,724,53,4270,1246,3,1643,271,21,66,24,0,9.6,5.65,3267,23.53,400,26.45,15.61,24985,312,20519,7625,9,2023,71,480,17,42.5,10,TRUE,40,20,TRUE,FALSE,0,0,FALSE,Local Nature Reserve
776 11,1475,556,556,144,4138,1094,38,1855,268,26,7,0,0,0,0,0,22.43,400,27.13,14.77,35144,473,34128,0,11,2023,71,480,16,42,0,FALSE,0,0,FALSE,FALSE,0,0,FALSE,Local Nature Reserve
776 12,1692,760,760,10,4299,1284,145,1465,214,163,144,144,111,7.5,5.38,8540,0,0,20.27,5.98,2284,93,0,13120,12,2023,71,600,15,51,9,FALSE,0,0,FALSE,TRUE,400,30,TRUE,Brownfield
779 1,2789,453,159,85,3664,1502,78,310,603,1232,702,543,14,16.1,9.18,3574,0,0,29.62,10,7182,156,4612,0,1,2024,90,420,15,56.5,0,TRUE,20,20,TRUE,TRUE,120,50,TRUE,Reclaimed greenspace
779 4,2849,585,373,164,3491,1284,119,387,416,1019,874,746,29,1,1,33,0,0,33.41,9.03,8134,178,7972,0,4,2024,90,360,15,56.5,0,TRUE,20,20,TRUE,TRUE,200,60,TRUE,Reclaimed greenspace
779 5,2801,517,249,114,3599,1410,86,358,517,1149,778,634,5,16.1,7.94,2204,26.05,319.12,29.62,8.78,7278,178,6673,0,5,2024,90,300,15,58.5,1,TRUE,20,20,TRUE,TRUE,120,100,TRUE,Reclaimed greenspace
779 10,3003,300,216,3,3512,1458,294,126,700,1124,602,602,227,23,9.97,7124,6.72,60.19,8.68,5.08,711,93,0,0,10,2024,90,300,14,64,1,TRUE,200,5,TRUE,FALSE,0,0,FALSE,Roadside
779 11,2904,655,510,193,3377,1149,171,406,331,879,987,685,50,0,0,0,17.85,157.69,33.41,10.37,7540,116,6714,0,11,2024,90,360,15,52,0,TRUE,20,20,TRUE,TRUE,80,30,TRUE,Reclaimed greenspace
781 1,3040,316,316,77,3192,752,5,186,1351,797,621,553,197,8.4,4.53,3865,6.95,175.69,19.09,9.14,6936,127,0,50,1,2024,89,420,19,59.5,0,FALSE,0,0,FALSE,TRUE,20,30,TRUE,Cycle/footpath
792 3,3544,85,85,44,3887,3605,283,59,1308,307,1517,1517,688,7.2,3.7,7268,12.82,161.94,17.54,9.67,6809,115,5523,1641,3,2023,35,360,17,40,2,TRUE,400,5,FALSE,FALSE,0,0,FALSE,Playing Field
792 4,3833,174,33,11,3467,3467,157,336,1611,258,1096,1096,1038,10,5.8,8566,6.58,24.94,23.64,10.2,7556,156,0,13520,4,2023,35,600,16,54,2,TRUE,300,5,FALSE,FALSE,0,0,FALSE,Playing Field
792 11,3694,27,27,0,3599,3599,257,200,1599,355,1230,1230,890,9.2,4.46,8996,16.8,131.38,21.83,8.5,4681,128,0,14284,11,2023,35,420,16,48,0,FALSE,0,0,FALSE,FALSE,0,0,FALSE,Private residential
799 1,1098,92,92,11,811,811,399,949,416,519,2891,496,247,9.1,4.21,7612,16.22,6.94,26.02,8.17,10424,241,0,19856,1,2024,55,360,16,62.5,0,TRUE,5,5,FALSE,FALSE,0,0,FALSE,Religious Grounds/Cemetery
799 9,1025,73,73,0,600,600,533,748,572,203,3212,288,0,11.6,5.61,3525,32.83,346.06,33.48,13.92,17337,256,10726,6829,9,2024,55,420,16,60,0,FALSE,0,0,FALSE,FALSE,0,0,FALSE,Public Park Or Garden
819 1,2195,11,11,11,3994,1829,524,563,2129,1013,2870,2870,627,10.8,4.87,4740,11.09,98.44,17.33,10.21,5954,140,2642,574,1,2024,24,480,15,76.5,3,TRUE,200,5,TRUE,FALSE,0,0,FALSE,Private commercial
819 4,2222,97,97,14,3921,1661,120,234,2128,796,3127,2609,176,7.9,4.39,4394,5.93,37,23.23,7.28,4463,113,0,11876,4,2024,24,480,15,57,1,TRUE,8,5,TRUE,FALSE,0,0,FALSE,Public residential
819 5,2349,219,219,7,4060,1803,185,275,1989,897,3132,2639,191,7.9,4.53,5416,15.11,147.94,23.23,8.25,3829,86,0,10783,5,2024,24,420,16,68,12,TRUE,300,20,FALSE,FALSE,0,0,FALSE,Public residential
819 7,2142,5,5,5,3886,1671,266,401,2174,938,3131,2798,368,11.5,5.07,4924,16.01,319.44,16.64,9.21,7492,171,4554,10753,7,2024,24,360,15,66.5,0,FALSE,0,0,FALSE,FALSE,0,0,FALSE,Roadside
819 8,2271,140,140,9,3989,1741,195,316,2061,890,3150,2674,224,7.9,4.72,5626,23.23,244.94,23.23,8.98,5275,95,0,10149,8,2024,24,540,16,67,3,TRUE,150,20,TRUE,TRUE,25,40,FALSE,Public residential
819 10,2210,66,66,13,3993,1816,472,609,2103,997,2930,2930,533,16,4.65,8059,10.86,52.31,17.33,9.26,6448,167,2269,2305,10,2024,24,420,15,61.5,2,FALSE,0,0,FALSE,FALSE,0,0,FALSE,Private commercial
819 11,2052,55,55,27,3816,1631,295,457,2258,993,3116,2897,480,6.8,4.85,5294,13.67,149.19,16.64,9.88,4558,118,4547,13493,11,2024,24,420,15,50,0,TRUE,300,5,TRUE,FALSE,0,0,FALSE,Public residential
821 3,2672,331,331,39,3984,2446,235,341,1959,913,2139,2139,348,8.4,4.58,8681,8.2,87.62,17.42,8.31,3625,106,0,12997,3,2024,76,420,17,56,1,TRUE,10,20,TRUE,FALSE,0,0,FALSE,Public residential
821 8,2530,194,194,10,4134,2343,282,157,2149,1097,2210,2210,517,13.1,4.43,8610,8.37,63.56,25.57,7.71,4867,130,0,17352,8,2024,76,360,17,54,2,TRUE,200,5,TRUE,FALSE,0,0,FALSE,Private residential
821 11,2706,346,346,6,3962,2518,128,232,2046,1024,2040,2040,371,7.9,5,10008,0,0,20.53,7.21,2696,71,0,13053,11,2024,76,360,17,69.5,2,FALSE,0,0,FALSE,FALSE,0,0,FALSE,Private commercial
823 1,3273,29,29,29,3484,3167,552,151,1722,870,1383,1383,441,7,4.31,4539,22.09,373.38,22.09,12.88,10721,138,9919,3661,1,2024,76,360,17,69,1,TRUE,400,5,TRUE,FALSE,0,0,FALSE,Public Park Or Garden
823 2,3498,41,41,30,3294,3294,779,199,1505,772,1154,1154,383,8.8,5.45,12923,0,0,12.42,5.67,811,37,0,4229,2,2024,76,300,16,73,5,FALSE,0,0,FALSE,FALSE,0,0,FALSE,Private commercial
823 7,3447,110,110,20,3414,3385,781,17,1595,905,1198,1198,566,8.8,4.45,5596,11.19,30.81,18.61,7.97,4657,112,0,7420,7,2024,76,420,16,55,1,TRUE,400,10,TRUE,FALSE,0,0,FALSE,Brownfield
823 10,3360,32,32,7,3410,3257,639,171,1638,826,1295,1295,404,11.2,5.21,10156,0,0,22.09,10.42,6160,100,5327,4542,10,2024,76,420,16,74,3,FALSE,0,0,FALSE,FALSE,0,0,FALSE,Religious Grounds/Cemetery
830 1,1105,400,196,16,1192,1192,515,1248,834,11,2354,933,734,9.6,4.95,4249,13.96,130.25,21.79,8.75,8569,179,0,10340,1,2024,89,360,18,56,0,TRUE,350,20,TRUE,FALSE,0,0,FALSE,Public Park Or Garden
830 4,1170,414,277,62,1214,1214,601,1289,754,50,2353,948,723,9.4,4.59,3233,20.67,172.25,22.98,10.43,11919,197,0,13562,4,2024,89,360,18,55.5,4,TRUE,380,20,TRUE,FALSE,0,0,FALSE,Public Park Or Garden
875 2,2694,166,166,16,4871,1117,17,325,482,169,519,425,425,7,4.73,4799,0,0,17.02,8.88,4889,95,0,8317,2,2024,89,360,19,52.5,10,TRUE,400,5,TRUE,FALSE,0,0,FALSE,Cycle/footpath
875 4,2784,270,270,18,4843,1009,125,434,590,226,479,479,469,7,4.91,6914,13.13,17.38,16.21,7.86,2023,54,0,7513,4,2024,89,360,19,54.5,2,TRUE,300,5,TRUE,FALSE,0,0,FALSE,Public Park Or Garden
875 11,2557,56,56,11,4864,1343,207,77,233,296,558,175,175,13.2,4.58,6936,7.36,107.31,26.36,9.46,5716,101,2474,5982,11,2024,89,420,20,64,3,FALSE,0,0,FALSE,FALSE,0,0,FALSE,Private commercial
876 1,3019,293,293,0,4552,901,152,470,683,503,188,188,188,8.3,5.17,8241,14.62,66.5,15.4,8.73,2176,53,0,2495,1,2024,90,540,14,60,4,FALSE,0,0,FALSE,FALSE,0,0,FALSE,Private commercial
876 2,2929,295,295,14,4676,923,158,469,647,390,312,312,312,8.3,4.53,8201,14.32,208.75,18.8,9.35,5308,98,0,4718,2,2024,90,420,14,68.5,5,TRUE,200,10,TRUE,FALSE,0,0,FALSE,Public square
876 3,3350,651,651,22,4418,544,477,459,936,521,329,329,329,11.4,4.58,5025,0,0,13.7,7.2,2717,67,0,14108,3,2024,90,300,13,50.5,5,TRUE,350,10,FALSE,FALSE,0,0,FALSE,Public Park Or Garden
876 4,3010,258,258,22,4483,935,109,434,678,562,124,124,124,8.6,5.21,8006,0,0,20.05,8.58,2579,59,0,3219,4,2024,90,360,14,69.5,4,TRUE,350,10,TRUE,FALSE,0,0,FALSE,Public carpark
876 6,3133,458,458,4,4541,738,316,635,838,581,237,237,237,6.5,4.87,9385,11.51,80.69,14.54,7.21,2947,74,0,13260,6,2024,90,360,14,53,3,TRUE,200,15,TRUE,FALSE,0,0,FALSE,Public residential
876 8,3275,691,691,18,4519,505,505,432,832,483,410,410,410,11.9,5.05,4516,0,0,14.77,7.45,3495,99,0,12445,8,2024,90,600,13,47,4,TRUE,350,30,TRUE,FALSE,0,0,FALSE,Public residential
906 2,1832,22,22,22,5531,1845,97,191,155,0,1284,156,133,6.6,4,183,16.54,325.56,19.98,13.58,9315,102,1853,564,2,2023,98,540,11,53.5,1,TRUE,10,5,TRUE,TRUE,50,70,TRUE,Reclaimed greenspace
906 4,2019,263,263,79,5285,1857,2,273,81,237,1081,257,0,6.6,3.97,1195,17.99,357.31,21.46,12.43,22846,331,26372,3286,4,2023,98,600,12,45.5,0,FALSE,0,0,FALSE,FALSE,0,0,FALSE,Reclaimed greenspace
906 5,1806,97,97,9,5378,1728,196,57,298,70,1337,170,170,8.8,4.87,5623,17.85,123.06,17.85,7.99,6377,140,2506,8544,5,2023,98,600,11,58,1,TRUE,200,15,TRUE,FALSE,0,0,FALSE,Cycle/footpath
906 6,1944,254,254,120,5340,1939,0,336,98,228,1157,334,14,2.5,1.88,202,14.9,388.12,21.18,12.17,18487,298,23037,1042,6,2023,98,600,11,48,0,TRUE,10,5,TRUE,TRUE,40,50,TRUE,Reclaimed greenspace
906 7,1729,11,11,11,5509,1875,199,203,256,0,1390,53,53,8.5,3.93,2416,16.47,400,16.54,10.37,10835,143,10205,860,7,2023,98,720,10,57,0,FALSE,0,0,FALSE,FALSE,0,0,FALSE,Reclaimed greenspace
906 8,1850,161,161,136,5447,1953,6,321,118,136,1249,237,36,0,0,0,0,0,16.17,9.39,6852,104,8330,0,8,2023,98,420,11,51,2,TRUE,10,5,TRUE,TRUE,300,30,TRUE,Reclaimed greenspace
906 9,1930,147,147,86,5401,1859,20,236,25,120,1173,275,24,6,3.64,1150,11.67,2.62,19.98,11.52,12004,198,8585,3066,9,2023,98,660,11,53.5,3,TRUE,5,10,TRUE,TRUE,200,40,TRUE,Reclaimed greenspace
908 1,2635,675,675,85,4966,797,314,666,471,462,759,759,161,5.1,4.48,199,19.29,1.56,23.58,13.51,10014,125,6789,244,1,2024,90,420,12,51,0,TRUE,400,20,TRUE,FALSE,0,0,FALSE,Public Park Or Garden
908 2,2493,617,617,67,4910,836,236,751,445,383,727,727,9,6.5,4.37,2422,11.26,106.75,24.75,14.05,13617,185,9491,5496,2,2024,90,540,12,51,3,TRUE,200,10,FALSE,FALSE,0,0,FALSE,Public Park Or Garden
908 3,2566,857,857,49,4792,614,200,517,301,399,582,582,155,7.5,4.32,2436,15.85,27,23.65,12.61,10362,137,4751,3253,3,2024,90,420,13,54,2,TRUE,400,10,TRUE,FALSE,0,0,FALSE,Public Park Or Garden
908 4,2557,700,700,141,4896,765,235,670,406,471,694,694,92,2.9,2.9,37,0,0,24.75,14.55,10509,138,6013,0,4,2024,90,540,12,54,8,TRUE,300,15,TRUE,TRUE,100,60,TRUE,Public Park Or Garden
908 5,2645,585,585,86,5034,883,366,714,545,375,811,785,143,7.8,4.45,3369,20.29,400,21.64,11.23,9054,119,5157,2643,5,2024,90,540,12,48,3,TRUE,20,5,TRUE,FALSE,0,0,FALSE,Public Park Or Garden
908 6,2483,729,729,92,4823,724,156,667,341,493,627,627,34,6,3.96,1011,20.39,274.94,24.75,14.7,15708,174,11395,2576,6,2024,90,540,13,44,4,TRUE,300,5,TRUE,FALSE,0,0,FALSE,Public Park Or Garden
908 9,2631,773,773,37,4895,701,241,573,401,471,684,684,189,7.8,5.2,3369,13.9,66.62,21.51,12.18,6726,117,2500,4387,9,2024,90,360,13,54,3,TRUE,300,10,TRUE,FALSE,0,0,FALSE,Public Park Or Garden
917 1,2218,125,125,13,3032,3032,18,295,548,317,2135,2135,538,8.8,6.3,6105,16.49,137.62,29.46,13.36,12438,164,3925,4192,1,2023,77,360,18,48,3,TRUE,380,5,TRUE,FALSE,0,0,FALSE,Public Park Or Garden
917 5,2062,175,175,16,2822,2822,38,307,410,307,2079,2079,361,12.5,5.72,4221,21.11,382.75,27.67,15.36,16280,202,8353,5997,5,2023,77,420,17,48,5,FALSE,0,0,FALSE,FALSE,0,0,FALSE,Reclaimed greenspace
917 6,1931,113,113,34,2756,2756,68,398,292,184,2147,2147,231,6.9,4.81,2278,20.11,346.75,27.71,13.6,17937,243,6150,3809,6,2023,77,540,17,45.5,1,FALSE,0,0,FALSE,TRUE,80,50,TRUE,Reclaimed greenspace
917 7,2006,62,62,58,2889,2889,17,414,336,301,2193,2193,318,10.1,4.99,3242,22.93,323.31,27.71,15.96,21060,256,14364,1184,7,2023,77,480,18,48.5,0,TRUE,8,5,TRUE,FALSE,0,0,FALSE,Religious Grounds/Cemetery
917 8,2319,209,209,20,3039,3039,20,194,648,211,2056,2056,629,7.4,5.16,3392,0,0,29.46,12.24,12530,148,2025,4305,8,2023,77,420,17,47,10,TRUE,350,5,FALSE,TRUE,4,40,TRUE,Public Park Or Garden
917 9,2331,142,142,22,3121,3121,37,237,664,248,2127,2127,658,8.6,6.06,5557,10.07,107.38,26.65,11.84,9507,122,1143,3026,9,2023,77,300,17,50,23,TRUE,400,5,TRUE,FALSE,0,0,FALSE,Public Park Or Garden
917 11,1883,15,15,15,2877,2877,12,535,213,214,2298,2298,216,8.7,5.08,4099,23.34,392.38,27.71,14.82,19608,257,10449,3583,11,2023,77,480,17,48,3,FALSE,0,0,FALSE,FALSE,0,0,FALSE,Roadside
922 1,2304,860,41,21,1267,1267,351,375,721,488,496,496,496,24.3,3.99,6362,7.4,119.31,17.47,8.35,7200,165,1285,15414,1,2024,55,360,15,55,2,FALSE,0,0,FALSE,TRUE,300,80,TRUE,Cycle/footpath
922 4,2373,1056,179,4,1297,1297,144,494,576,493,495,495,495,22,5.08,9923,15.55,271.94,25.41,7.75,7247,201,1235,12452,4,2024,55,480,15,54.5,1,FALSE,0,0,FALSE,FALSE,0,0,FALSE,Public carpark
922 7,2468,1005,338,14,1448,1448,3,664,407,356,361,361,358,6.6,4.71,3239,11.05,132.06,15.58,8.01,5936,131,1834,12705,7,2024,55,360,15,47,3,TRUE,100,5,TRUE,FALSE,0,0,FALSE,Public residential
922 8,2630,688,453,58,1678,1678,197,783,400,95,97,97,97,8.4,5.25,3089,0,0,16.92,7.74,4380,95,65,5516,8,2024,55,360,15,60,0,TRUE,400,15,TRUE,FALSE,0,0,FALSE,Public Park Or Garden
941 7,2464,1269,1269,101,4169,31,31,33,351,149,405,45,0,6.6,2.8,142,26.49,280.62,27.44,12.42,16020,236,15244,93,7,2024,34,420,14,47.5,0,FALSE,0,0,FALSE,TRUE,300,90,TRUE,Brownfield
941 8,2335,1276,1276,47,4031,102,102,28,399,242,340,67,67,8.5,4.02,2756,26.29,266.88,27.55,9.65,11926,208,8277,9165,8,2024,34,540,14,52,0,FALSE,0,0,FALSE,TRUE,250,90,TRUE,Brownfield
948 2,1695,398,398,9,3105,3096,281,620,317,32,2529,2529,243,7.6,5.54,9092,18.33,23.88,25.01,11.93,8095,128,2317,5202,2,2023,77,360,15,48.5,2,TRUE,400,5,FALSE,FALSE,0,0,FALSE,Playing Field
948 3,1466,328,328,83,2860,2860,80,815,224,16,2245,2245,2,6.4,3.51,592,17.71,400,22.11,11.39,13750,218,12271,1200,3,2023,77,420,16,48.5,8,FALSE,0,0,FALSE,TRUE,40,30,FALSE,Cycle/footpath
948 4,1715,548,548,16,3267,2927,166,447,489,0,2658,2658,353,45.2,6.23,8750,15.78,352.62,19.38,10.72,6011,93,789,8966,4,2023,77,600,15,52,3,FALSE,0,0,FALSE,FALSE,0,0,FALSE,Cycle/footpath
948 5,1477,195,195,107,2719,2719,44,822,170,0,2139,2139,0,7.3,3.82,1556,15.23,201.06,21.47,9.72,6727,114,7369,0,5,2023,77,540,16,47,20,FALSE,0,0,FALSE,TRUE,100,40,TRUE,Other greenspace
948 7,1450,433,433,10,2958,2958,186,708,314,11,2315,2315,14,10,3.73,2409,11.87,0.44,22.11,9.27,7439,171,5522,4930,7,2023,77,420,16,48.5,2,TRUE,350,10,TRUE,TRUE,20,40,TRUE,Playing Field
948 8,1356,629,629,25,3086,2955,337,553,511,7,2379,2379,158,6.3,4.27,4198,11.56,191.06,21.36,7.61,6510,154,3776,11075,8,2023,77,480,16,46.5,15,FALSE,0,0,FALSE,TRUE,200,30,TRUE,Cycle/footpath
948 9,1344,512,512,35,2959,2959,207,684,411,8,2274,2274,45,10,3.42,1854,8.48,205.81,21.36,5.98,7842,211,3720,4058,9,2023,77,480,16,48.5,9,FALSE,0,0,FALSE,TRUE,300,40,TRUE,Cycle/footpath
971 2,1430,698,698,50,4338,1134,113,882,235,566,471,471,393,16.8,4.94,3157,16.87,356.38,21.43,10.89,8288,135,622,8443,2,2024,34,420,16,56.5,5,TRUE,350,5,TRUE,FALSE,0,0,FALSE,Religious Grounds/Cemetery
971 4,1497,835,835,61,4249,965,65,1000,65,687,303,303,303,16.8,4.5,2737,12.09,55.19,25.47,11.48,8655,130,2900,7755,4,2024,34,480,16,56,2,TRUE,300,5,TRUE,FALSE,0,0,FALSE,Religious Grounds/Cemetery
971 7,1699,633,633,11,4487,1014,54,789,245,474,456,456,456,10.7,3.88,6034,12.74,32.94,15.61,6.71,4295,115,0,18585,7,2024,34,420,16,56.5,7,TRUE,400,10,TRUE,FALSE,0,0,FALSE,Public residential
971 9,1420,787,787,111,4259,1064,61,968,167,652,391,391,324,16.8,5.61,520,15.34,9.56,26,13.41,10710,148,1937,1813,9,2024,34,420,16,59,1,TRUE,350,10,FALSE,FALSE,0,0,FALSE,Religious Grounds/Cemetery
982 2,1088,602,322,40,1590,1590,640,364,640,402,1193,1193,969,6.2,4.09,4271,6.46,0,18.22,6.82,2273,100,0,7687,2,2024,89,360,18,56,7,TRUE,380,5,TRUE,FALSE,0,0,FALSE,Public Park Or Garden
982 4,1181,652,232,17,1599,1599,568,279,568,310,1273,1273,997,8.6,4.22,4691,11.22,84,26.62,7.05,3168,99,0,8502,4,2024,89,360,19,59,1,TRUE,200,10,TRUE,FALSE,0,0,FALSE,Public Park Or Garden
987 5,1662,1276,41,10,431,431,373,390,373,466,1334,268,236,6.2,4.2,6058,0,0,15.77,6.8,4119,137,0,14675,5,2024,55,360,15,71.5,20,TRUE,350,15,TRUE,FALSE,0,0,FALSE,Public Park Or Garden
989 1,595,133,129,43,281,281,281,849,796,0,1849,609,232,7.3,4.76,3072,17.14,254.56,21.53,12.74,10010,183,7950,5721,1,2024,55,420,11,65.5,0,FALSE,0,0,FALSE,TRUE,20,75,FALSE,Local Nature Reserve
989 2,648,323,172,38,308,308,308,1037,505,54,1789,384,58,5.7,5.2,37,20.24,298.19,23.17,16.06,26898,483,12961,1474,2,2024,55,480,12,51.5,1,FALSE,0,0,FALSE,TRUE,10,40,FALSE,Public Park Or Garden
989 3,426,108,108,108,158,158,158,1093,661,0,1628,367,108,0,0,0,0,0,24.75,18.79,8836,242,6475,0,3,2024,55,600,12,59,2,FALSE,0,0,FALSE,TRUE,400,60,TRUE,Local Nature Reserve
989 5,500,203,203,151,216,216,216,1108,571,37,1660,350,116,0,0,0,22.24,392.25,24.75,17.97,13796,360,9580,0,5,2024,55,360,12,57,0,FALSE,0,0,FALSE,FALSE,0,0,FALSE,Public Park Or Garden
989 6,509,103,103,103,238,238,238,961,728,63,1746,498,163,0,0,0,0,0,22.39,15.6,6109,116,5946,0,6,2024,55,360,12,62.5,2,FALSE,0,0,FALSE,TRUE,400,100,TRUE,Local Nature Reserve
989 8,555,185,185,105,293,293,293,988,643,44,1760,469,166,7.1,4.78,306,0,0,22.24,16.39,13110,272,8549,1628,8,2024,55,360,12,67.5,1,FALSE,0,0,FALSE,TRUE,300,80,TRUE,Local Nature Reserve
989 11,653,283,123,6,383,383,383,953,595,0,1838,478,148,7.1,4.79,2945,20.18,325.88,22.24,15.42,16578,288,8832,4017,11,2024,55,360,12,54.5,1,FALSE,0,0,FALSE,FALSE,0,0,FALSE,Public Park Or Garden
990 1,369,95,95,95,25,25,25,975,911,3,1650,546,0,6.5,3.44,2806,16.93,337.81,29.93,12.21,16143,268,14838,0,1,2024,55,420,11,60.5,1,FALSE,0,0,FALSE,FALSE,0,0,FALSE,Cycle/footpath
990 3,234,234,131,38,125,125,125,812,1193,106,1740,806,83,59.9,20.35,1511,16.86,263.38,27.38,14.83,13128,160,12084,178,3,2024,55,480,11,64.5,0,FALSE,0,0,FALSE,TRUE,200,50,TRUE,Brownfield
990 5,368,120,120,41,114,114,114,814,1071,88,1774,730,75,25,18.23,1095,20.33,206.19,27.94,12.31,14204,201,11062,0,5,2024,55,540,11,60,0,FALSE,0,0,FALSE,FALSE,0,0,FALSE,Brownfield
990 6,389,25,25,25,148,148,148,1054,747,41,1630,420,51,0,0,0,22.85,256.31,24.76,14.97,10926,210,7707,0,6,2024,55,360,12,67,2,FALSE,0,0,FALSE,TRUE,350,80,TRUE,Local Nature Reserve
990 7,285,15,15,15,45,45,45,1109,812,3,1543,404,0,18.2,6.71,4433,23.74,109.56,29.61,13.74,15688,286,15254,0,7,2024,55,360,11,71.5,1,FALSE,0,0,FALSE,FALSE,0,0,FALSE,Roadside
990 8,542,49,49,38,203,203,203,853,863,57,1810,618,145,7.6,5.34,871,17.98,398.88,21.61,14.8,20136,299,14218,832,8,2024,55,360,11,61,4,FALSE,0,0,FALSE,FALSE,0,0,FALSE,Local Nature Reserve
990 9,454,41,41,41,104,104,104,872,949,14,1753,634,37,0,0,0,21.8,347.31,29.93,13.93,22400,342,17340,0,9,2024,55,420,11,65,1,FALSE,0,0,FALSE,FALSE,0,0,FALSE,Cycle/footpath
1004 3,1292,1292,1292,170,3679,587,3,755,197,778,246,246,0,0,0,0,22.66,400,26.44,11.33,19736,232,16567,0,3,2024,34,660,15,44.5,0,FALSE,0,0,FALSE,TRUE,200,70,TRUE,Other greenspace
1004 5,1208,1208,1208,62,3521,446,30,684,245,703,320,320,127,5.7,3.89,833,0,0,17.98,8.21,6029,139,821,3501,5,2024,34,360,15,58,0,FALSE,0,0,FALSE,TRUE,400,20,TRUE,Other greenspace
1004 6,1312,1312,1312,47,3591,465,2,640,141,661,216,216,57,6.4,3.72,1629,17.5,100.31,22.66,10.04,15481,272,10890,7642,6,2024,34,540,15,66,0,FALSE,0,0,FALSE,TRUE,200,20,TRUE,Other greenspace
1004 9,1453,1377,1377,17,3777,569,42,693,42,720,90,90,6,6.1,2.99,1509,13.88,214.69,27.48,14.04,20502,318,20551,4447,9,2024,34,660,14,46.5,0,TRUE,200,20,FALSE,TRUE,20,60,TRUE,Other greenspace
1004 12,1380,1276,1276,37,3832,694,97,833,135,859,174,174,113,5.9,3.09,4424,6.85,14.12,27.32,11.07,9443,163,9334,8914,12,2024,34,480,15,54,0,FALSE,0,0,FALSE,TRUE,350,20,FALSE,Other greenspace
1007 2,1835,507,507,38,3142,917,667,507,739,434,723,723,397,6.8,3.99,4144,18.26,394.88,24.19,10.38,5007,98,2948,6715,2,2024,34,660,13,57.5,2,FALSE,0,0,FALSE,FALSE,0,0,FALSE,Religious Grounds/Cemetery
1007 6,1676,670,670,11,2803,815,442,629,703,0,402,402,206,6.5,4.27,6854,7.4,38.88,14.49,6.49,3096,97,715,12809,6,2024,34,540,13,58,4,TRUE,100,15,TRUE,TRUE,20,40,TRUE,Cycle/footpath
1007 10,1905,585,585,7,3184,837,709,585,782,429,668,668,335,5.9,4,4107,0,0,24.19,10.29,5308,104,2707,7611,10,2024,34,480,14,62,3,TRUE,350,20,TRUE,FALSE,0,0,FALSE,Religious Grounds/Cemetery
1020 1,772,772,454,220,22,22,22,1023,73,395,1863,87,0,0,0,0,26.04,400,26.04,16.69,29437,430,30196,0,1,2024,55,540,14,53,0,FALSE,0,0,FALSE,FALSE,0,0,FALSE,Local Nature Reserve
1020 3,690,690,412,103,129,129,83,1141,83,466,1785,18,0,4.7,4.22,133,19.87,400,31.27,16.16,33693,542,28891,464,3,2024,55,360,13,60,1,FALSE,0,0,FALSE,FALSE,0,0,FALSE,Local Nature Reserve
1020 4,957,920,343,168,77,77,12,989,28,459,1945,264,0,0,0,0,21.03,364.25,25.41,15.46,31178,402,29993,0,4,2024,55,480,14,47,0,FALSE,0,0,FALSE,FALSE,0,0,FALSE,Local Nature Reserve
1020 5,580,580,580,319,60,60,60,1005,139,262,1664,0,0,0,0,0,0,0,23.62,10.82,18395,307,23968,0,5,2024,55,540,14,46,0,FALSE,0,0,FALSE,TRUE,200,140,TRUE,Local Nature Reserve
1020 6,1036,1006,339,155,17,17,17,929,51,443,1903,320,20,0,0,0,5.9,6.06,34.56,15.32,26164,360,24021,54,6,2024,55,540,14,43.5,0,FALSE,0,0,FALSE,FALSE,0,0,FALSE,Public Park Or Garden
1020 8,897,742,224,106,219,219,190,1041,190,451,1922,232,48,8.2,4.28,1004,19.18,107.62,29.77,15.93,20253,283,12530,1858,8,2024,55,420,13,63.5,1,TRUE,380,5,TRUE,FALSE,0,0,FALSE,Religious Grounds/Cemetery
1020 11,783,677,292,87,198,198,195,1142,195,412,1880,138,33,6.4,5.19,587,19.98,318.5,31.27,16.63,24176,319,14893,1267,11,2024,55,480,13,52.5,3,FALSE,0,0,FALSE,TRUE,300,80,TRUE,Religious Grounds/Cemetery
